0,66,0.0
1,88,100.0
2,96,100.0
3,70,100.0
4,73,100.0
5,71,50.0
6,122,200.0
7,79,100.0
8,87,100.0
9,82,100.0
10,75,100.0
11,66,0.0
12,73,150.0
13,95,150.0
14,88,100.0
15,124,150.0
16,92,100.0
17,87,150.0
18,124,200.0
19,67,100.0
20,69,100.0
21,67,50.0
22,80,100.0
23,250,450.0
24,72,100.0
25,120,100.0
26,77,150.0
27,80,100.0
28,85,100.0
29,80,200.0
30,69,150.0
31,65,50.0
32,87,150.0
33,75,100.0
34,81,50.0
35,112,150.0
36,79,100.0
37,76,100.0
38,68,150.0
39,145,200.0
40,72,150.0
41,76,100.0
42,75,100.0
43,154,200.0
44,71,150.0
45,70,100.0
46,77,100.0
47,146,150.0
48,100,150.0
49,150,100.0
50,94,100.0
51,103,200.0
52,91,150.0
53,121,200.0
54,82,100.0
55,88,150.0
56,65,100.0
57,74,50.0
58,69,150.0
59,82,150.0
60,71,150.0
61,72,150.0
62,69,100.0
63,67,100.0
64,92,100.0
65,72,150.0
66,64,150.0
67,190,250.0
68,121,300.0
69,115,150.0
70,75,100.0
71,74,150.0
72,152,300.0
73,113,150.0
74,121,150.0
75,95,100.0
76,71,100.0
77,94,100.0
78,142,150.0
79,68,100.0
80,68,150.0
81,81,50.0
82,79,100.0
83,252,500.0
84,189,250.0
85,71,150.0
86,74,150.0
87,68,150.0
88,70,100.0
89,80,100.0
90,79,150.0
91,73,100.0
92,67,150.0
93,80,200.0
94,77,150.0
95,75,100.0
96,75,50.0
97,114,100.0
98,77,200.0
99,79,150.0
100,89,150.0
101,74,150.0
102,71,250.0
103,81,250.0
104,70,100.0
105,140,200.0
106,84,250.0
107,72,100.0
108,79,50.0
109,140,300.0
110,74,150.0
111,72,100.0
112,119,200.0
113,78,100.0
114,73,100.0
115,159,200.0
116,90,150.0
117,203,500.0
118,145,100.0
119,81,200.0
120,75,200.0
121,90,100.0
122,260,400.0
123,80,100.0
124,110,100.0
125,78,100.0
126,89,100.0
127,74,50.0
128,72,100.0
129,63,100.0
130,91,100.0
131,107,100.0
132,79,50.0
133,167,400.0
134,164,200.0
135,119,200.0
136,66,100.0
137,70,50.0
138,75,150.0
139,76,100.0
140,123,200.0
141,74,50.0
142,68,150.0
143,80,150.0
144,105,200.0
145,74,100.0
146,75,150.0
147,105,50.0
148,225,450.0
149,273,450.0
150,84,100.0
151,86,100.0
152,77,200.0
153,147,150.0
154,145,300.0
155,115,200.0
156,162,250.0
157,129,250.0
158,74,150.0
159,89,150.0
160,107,200.0
161,68,150.0
162,72,150.0
163,106,200.0
164,224,350.0
165,82,100.0
166,74,100.0
167,123,150.0
168,66,150.0
169,78,100.0
170,98,150.0
171,71,100.0
172,70,100.0
173,81,100.0
174,65,100.0
175,87,200.0
176,65,100.0
177,64,200.0
178,193,350.0
179,80,150.0
180,71,50.0
181,84,150.0
182,80,150.0
183,87,150.0
184,71,100.0
185,138,250.0
186,76,100.0
187,71,100.0
188,160,200.0
189,317,600.0
190,73,100.0
191,105,150.0
192,73,100.0
193,90,150.0
194,75,100.0
195,166,350.0
196,112,150.0
197,67,100.0
198,90,200.0
199,110,150.0
200,67,0.0
201,75,50.0
202,69,100.0
203,87,200.0
204,104,200.0
205,113,150.0
206,177,400.0
207,166,350.0
208,137,250.0
209,71,50.0
210,78,50.0
211,148,200.0
212,71,100.0
213,127,250.0
214,84,100.0
215,222,300.0
216,72,150.0
217,67,150.0
218,93,100.0
219,68,150.0
220,67,100.0
221,74,150.0
222,115,300.0
223,113,100.0
224,75,150.0
225,68,150.0
226,90,100.0
227,69,100.0
228,78,100.0
229,80,100.0
230,77,100.0
231,126,150.0
232,108,150.0
233,76,200.0
234,126,200.0
235,146,250.0
236,92,150.0
237,72,100.0
238,73,150.0
239,95,100.0
240,174,300.0
241,74,50.0
242,86,100.0
243,110,150.0
244,83,150.0
245,76,200.0
246,79,100.0
247,84,100.0
248,116,300.0
249,122,150.0
250,83,200.0
251,77,100.0
252,78,150.0
253,67,150.0
254,99,100.0
255,125,150.0
256,109,150.0
257,79,150.0
258,75,100.0
259,128,150.0
260,90,100.0
261,70,250.0
262,70,0.0
263,146,150.0
264,83,150.0
265,87,150.0
266,76,100.0
267,77,100.0
268,73,150.0
269,67,100.0
270,138,250.0
271,85,100.0
272,82,150.0
273,72,100.0
274,107,200.0
275,81,100.0
276,89,150.0
277,85,100.0
278,73,100.0
279,80,150.0
280,65,150.0
281,71,100.0
282,78,250.0
283,147,300.0
284,70,100.0
285,108,100.0
286,104,150.0
287,70,100.0
288,89,150.0
289,95,50.0
290,117,250.0
291,73,0.0
292,77,100.0
293,145,250.0
294,89,250.0
295,75,150.0
296,75,50.0
297,253,550.0
298,118,200.0
299,74,150.0
300,67,150.0
301,67,100.0
302,72,100.0
303,144,250.0
304,116,200.0
305,79,150.0
306,77,150.0
307,172,350.0
308,71,100.0
309,79,150.0
310,82,100.0
311,201,250.0
312,69,200.0
313,90,100.0
314,70,100.0
315,74,100.0
316,68,100.0
317,87,50.0
318,126,200.0
319,69,150.0
320,114,150.0
321,119,250.0
322,109,100.0
323,72,100.0
324,78,100.0
325,95,150.0
326,71,150.0
327,117,200.0
328,70,100.0
329,70,100.0
330,77,150.0
331,84,200.0
332,70,150.0
333,75,100.0
334,73,100.0
335,79,100.0
336,81,100.0
337,125,100.0
338,102,250.0
339,76,150.0
340,86,200.0
341,74,100.0
342,115,50.0
343,63,150.0
344,80,100.0
345,214,350.0
346,182,350.0
347,87,100.0
348,75,150.0
349,95,150.0
350,79,150.0
351,190,250.0
352,75,150.0
353,82,150.0
354,93,100.0
355,86,100.0
356,89,200.0
357,126,150.0
358,73,100.0
359,75,150.0
360,79,150.0
361,69,100.0
362,70,150.0
363,72,50.0
364,72,100.0
365,77,150.0
366,70,50.0
367,118,200.0
368,83,150.0
369,77,100.0
370,68,100.0
371,107,100.0
372,74,150.0
373,66,200.0
374,69,150.0
375,68,200.0
376,88,200.0
377,73,100.0
378,69,100.0
379,109,100.0
380,72,50.0
381,77,150.0
382,81,100.0
383,124,150.0
384,73,200.0
385,71,200.0
386,175,250.0
387,77,150.0
388,158,300.0
389,75,200.0
390,127,200.0
391,67,50.0
392,87,150.0
393,148,350.0
394,122,200.0
395,75,50.0
396,151,400.0
397,81,150.0
398,73,50.0
399,84,150.0
400,81,150.0
401,172,300.0
402,72,200.0
403,197,450.0
404,77,100.0
405,76,150.0
406,80,150.0
407,106,200.0
408,71,150.0
409,108,50.0
410,68,150.0
411,77,150.0
412,77,150.0
413,92,150.0
414,79,150.0
415,65,150.0
416,64,150.0
417,143,300.0
418,80,100.0
419,77,100.0
420,66,100.0
421,90,200.0
422,72,200.0
423,66,50.0
424,83,150.0
425,88,150.0
426,89,150.0
427,75,100.0
428,116,150.0
429,87,50.0
430,73,100.0
431,73,150.0
432,116,100.0
433,66,150.0
434,84,150.0
435,84,100.0
436,67,100.0
437,70,150.0
438,77,100.0
439,64,200.0
440,69,100.0
441,73,100.0
442,85,200.0
443,77,150.0
444,74,100.0
445,108,150.0
446,109,250.0
447,80,100.0
448,110,150.0
449,82,100.0
450,179,200.0
451,84,100.0
452,84,150.0
453,99,150.0
454,92,200.0
455,78,100.0
456,117,200.0
457,74,150.0
458,75,150.0
459,157,150.0
460,73,200.0
461,72,100.0
462,94,250.0
463,79,150.0
464,80,200.0
465,76,150.0
466,82,150.0
467,78,150.0
468,90,150.0
469,72,100.0
470,67,200.0
471,93,100.0
472,214,300.0
473,77,150.0
474,75,100.0
475,114,200.0
476,71,100.0
477,70,150.0
478,70,100.0
479,78,100.0
480,118,250.0
481,91,100.0
482,78,100.0
483,73,200.0
484,73,150.0
485,69,100.0
486,76,200.0
487,64,100.0
488,67,150.0
489,70,100.0
490,86,150.0
491,73,100.0
492,104,50.0
493,63,150.0
494,76,100.0
495,69,100.0
496,74,100.0
497,93,150.0
498,69,50.0
499,70,200.0
500,99,250.0
501,76,150.0
502,91,150.0
503,71,150.0
504,75,100.0
505,73,100.0
506,78,200.0
507,141,250.0
508,72,150.0
509,68,200.0
510,72,100.0
511,172,400.0
512,79,50.0
513,76,100.0
514,75,100.0
515,69,100.0
516,89,100.0
517,79,100.0
518,77,100.0
519,178,450.0
520,72,50.0
521,120,200.0
522,174,350.0
523,76,100.0
524,103,300.0
525,72,50.0
526,66,150.0
527,80,150.0
528,77,150.0
529,143,250.0
530,129,200.0
531,125,150.0
532,80,100.0
533,100,200.0
534,87,150.0
535,80,100.0
536,69,200.0
537,73,100.0
538,118,250.0
539,142,100.0
540,71,50.0
541,110,150.0
542,76,150.0
543,187,350.0
544,104,200.0
545,73,150.0
546,70,150.0
547,245,450.0
548,67,150.0
549,79,100.0
550,80,100.0
551,70,100.0
552,184,400.0
553,148,300.0
554,70,50.0
555,77,150.0
556,82,200.0
557,71,50.0
558,69,150.0
559,72,150.0
560,74,100.0
561,151,300.0
562,85,200.0
563,123,300.0
564,71,150.0
565,178,250.0
566,69,150.0
567,73,100.0
568,67,50.0
569,93,150.0
570,83,200.0
571,89,150.0
572,110,250.0
573,78,100.0
574,71,100.0
575,63,150.0
576,136,250.0
577,72,100.0
578,124,200.0
579,99,100.0
580,79,100.0
581,82,150.0
582,102,200.0
583,79,100.0
584,76,150.0
585,68,100.0
586,88,150.0
587,70,150.0
588,105,200.0
589,160,350.0
590,72,100.0
591,108,150.0
592,92,200.0
593,75,100.0
594,75,150.0
595,85,100.0
596,70,50.0
597,161,200.0
598,77,150.0
599,80,200.0
600,110,150.0
601,133,350.0
602,146,100.0
603,122,100.0
604,92,200.0
605,82,100.0
606,79,150.0
607,68,150.0
608,88,250.0
609,89,150.0
610,71,100.0
611,87,200.0
612,76,100.0
613,83,0.0
614,76,100.0
615,65,150.0
616,69,100.0
617,76,0.0
618,74,100.0
619,73,50.0
620,94,150.0
621,174,450.0
622,72,100.0
623,82,100.0
624,77,100.0
625,81,100.0
626,135,250.0
627,85,150.0
628,159,200.0
629,78,150.0
630,89,100.0
631,81,150.0
632,84,100.0
633,72,100.0
634,101,50.0
635,95,150.0
636,75,100.0
637,70,100.0
638,86,200.0
639,129,350.0
640,170,300.0
641,86,150.0
642,79,100.0
643,77,100.0
644,142,350.0
645,81,150.0
646,145,250.0
647,179,400.0
648,76,100.0
649,78,150.0
650,87,100.0
651,70,100.0
652,70,100.0
653,68,100.0
654,79,150.0
655,81,100.0
656,69,150.0
657,109,200.0
658,88,250.0
659,65,150.0
660,74,100.0
661,106,150.0
662,81,150.0
663,73,50.0
664,87,150.0
665,73,200.0
666,66,50.0
667,94,100.0
668,82,100.0
669,210,300.0
670,75,100.0
671,80,200.0
672,69,100.0
673,93,100.0
674,102,250.0
675,93,150.0
676,87,100.0
677,88,150.0
678,75,200.0
679,81,200.0
680,121,250.0
681,168,250.0
682,71,100.0
683,74,50.0
684,111,150.0
685,79,50.0
686,78,100.0
687,149,150.0
688,71,150.0
689,71,100.0
690,148,300.0
691,66,200.0
692,104,250.0
693,87,50.0
694,87,100.0
695,78,100.0
696,220,400.0
697,73,100.0
698,123,150.0
699,77,100.0
700,87,150.0
701,158,300.0
702,148,200.0
703,70,150.0
704,92,150.0
705,87,100.0
706,78,150.0
707,75,100.0
708,187,500.0
709,116,100.0
710,122,150.0
711,78,200.0
712,142,250.0
713,81,100.0
714,114,150.0
715,74,200.0
716,87,50.0
717,95,50.0
718,113,200.0
719,90,150.0
720,87,250.0
721,115,200.0
722,87,150.0
723,73,100.0
724,72,100.0
725,78,150.0
726,135,150.0
727,140,200.0
728,68,100.0
729,92,100.0
730,86,150.0
731,90,100.0
732,77,100.0
733,121,150.0
734,73,200.0
735,81,150.0
736,73,100.0
737,90,150.0
738,160,300.0
739,81,150.0
740,73,200.0
741,74,100.0
742,142,300.0
743,80,100.0
744,74,100.0
745,124,200.0
746,73,100.0
747,78,200.0
748,78,150.0
749,66,100.0
750,91,250.0
751,69,100.0
752,67,200.0
753,88,150.0
754,86,100.0
755,67,100.0
756,71,50.0
757,80,150.0
758,83,150.0
759,84,150.0
760,71,100.0
761,74,200.0
762,163,250.0
763,140,200.0
764,70,150.0
765,149,150.0
766,110,300.0
767,103,150.0
768,72,100.0
769,110,200.0
770,110,200.0
771,71,100.0
772,80,200.0
773,84,150.0
774,100,50.0
775,79,150.0
776,68,150.0
777,66,150.0
778,214,450.0
779,80,100.0
780,69,100.0
781,74,100.0
782,107,150.0
783,94,100.0
784,77,100.0
785,90,100.0
786,110,150.0
787,113,200.0
788,81,100.0
789,109,150.0
790,130,200.0
791,71,150.0
792,74,100.0
793,72,100.0
794,75,100.0
795,104,300.0
796,149,350.0
797,76,50.0
798,73,100.0
799,76,100.0
800,114,100.0
801,72,100.0
802,115,250.0
803,75,150.0
804,71,200.0
805,80,200.0
806,65,100.0
807,90,50.0
808,77,100.0
809,75,150.0
810,76,150.0
811,76,100.0
812,81,100.0
813,112,200.0
814,72,200.0
815,93,150.0
816,208,350.0
817,122,250.0
818,77,100.0
819,69,200.0
820,118,150.0
821,68,200.0
822,145,250.0
823,74,100.0
824,124,150.0
825,255,500.0
826,91,150.0
827,119,100.0
828,69,150.0
829,88,100.0
830,69,150.0
831,64,250.0
832,72,100.0
833,78,150.0
834,120,150.0
835,72,150.0
836,69,150.0
837,75,100.0
838,73,50.0
839,245,500.0
840,173,400.0
841,211,350.0
842,88,200.0
843,81,100.0
844,84,150.0
845,75,100.0
846,68,100.0
847,75,100.0
848,79,200.0
849,163,350.0
850,83,200.0
851,184,350.0
852,154,300.0
853,113,200.0
854,64,100.0
855,153,400.0
856,110,100.0
857,81,100.0
858,81,200.0
859,78,100.0
860,74,100.0
861,70,150.0
862,78,100.0
863,74,50.0
864,79,150.0
865,76,150.0
866,76,100.0
867,77,150.0
868,124,250.0
869,81,50.0
870,74,200.0
871,85,100.0
872,77,150.0
873,82,100.0
874,74,100.0
875,118,150.0
876,102,150.0
877,74,100.0
878,84,150.0
879,256,650.0
880,82,200.0
881,77,150.0
882,69,200.0
883,70,100.0
884,177,250.0
885,75,100.0
886,81,150.0
887,174,400.0
888,148,300.0
889,70,100.0
890,77,100.0
891,75,100.0
892,101,150.0
893,80,150.0
894,68,200.0
895,72,150.0
896,75,50.0
897,78,150.0
898,75,100.0
899,71,100.0
900,75,150.0
901,72,100.0
902,69,100.0
903,128,200.0
904,74,150.0
905,74,150.0
906,143,250.0
907,75,150.0
908,79,150.0
909,82,150.0
910,103,200.0
911,107,200.0
912,160,200.0
913,153,250.0
914,74,150.0
915,76,100.0
916,82,100.0
917,78,200.0
918,71,200.0
919,110,250.0
920,78,100.0
921,127,150.0
922,85,100.0
923,77,150.0
924,77,100.0
925,88,100.0
926,115,150.0
927,81,150.0
928,148,200.0
929,75,100.0
930,73,50.0
931,70,100.0
932,66,100.0
933,95,100.0
934,67,200.0
935,70,150.0
936,76,100.0
937,69,100.0
938,79,200.0
939,91,50.0
940,81,150.0
941,123,300.0
942,147,400.0
943,78,100.0
944,90,100.0
945,185,350.0
946,146,300.0
947,80,100.0
948,82,100.0
949,73,100.0
950,86,150.0
951,142,350.0
952,89,150.0
953,86,150.0
954,127,150.0
955,71,150.0
956,148,400.0
957,81,100.0
958,71,100.0
959,120,150.0
960,79,100.0
961,124,250.0
962,75,150.0
963,89,150.0
964,81,100.0
965,66,150.0
966,70,100.0
967,177,350.0
968,183,400.0
969,81,150.0
970,110,200.0
971,74,200.0
972,90,100.0
973,82,100.0
974,76,200.0
975,116,200.0
976,85,200.0
977,150,250.0
978,109,200.0
979,79,100.0
980,76,100.0
981,72,50.0
982,70,150.0
983,116,150.0
984,97,100.0
985,76,150.0
986,68,150.0
987,135,300.0
988,83,100.0
989,160,300.0
990,271,600.0
991,71,100.0
992,77,100.0
993,84,100.0
994,74,100.0
995,67,100.0
996,90,150.0
997,79,150.0
998,154,200.0
999,68,100.0
1000,110,350.0
1001,68,150.0
1002,86,200.0
1003,117,250.0
1004,78,150.0
1005,78,100.0
1006,84,100.0
1007,70,150.0
1008,74,200.0
1009,77,200.0
1010,86,100.0
1011,68,150.0
1012,78,200.0
1013,179,350.0
1014,156,200.0
1015,67,150.0
1016,76,150.0
1017,146,300.0
1018,80,100.0
1019,95,200.0
1020,151,300.0
1021,202,300.0
1022,79,150.0
1023,148,400.0
1024,71,250.0
1025,79,150.0
1026,167,350.0
1027,72,100.0
1028,73,150.0
1029,137,250.0
1030,151,250.0
1031,140,250.0
1032,73,100.0
1033,119,200.0
1034,137,300.0
1035,90,250.0
1036,86,200.0
1037,71,200.0
1038,73,150.0
1039,73,100.0
1040,74,250.0
1041,75,200.0
1042,79,100.0
1043,68,200.0
1044,147,250.0
1045,87,100.0
1046,116,200.0
1047,77,200.0
1048,90,200.0
1049,123,300.0
1050,80,150.0
1051,68,200.0
1052,223,350.0
1053,77,150.0
1054,87,150.0
1055,105,250.0
1056,70,100.0
1057,65,150.0
1058,110,100.0
1059,68,150.0
1060,167,300.0
1061,173,350.0
1062,158,250.0
1063,81,150.0
1064,90,150.0
1065,70,100.0
1066,84,150.0
1067,101,150.0
1068,93,100.0
1069,69,100.0
1070,90,200.0
1071,84,150.0
1072,81,250.0
1073,65,50.0
1074,85,100.0
1075,67,150.0
1076,77,150.0
1077,171,400.0
1078,67,200.0
1079,74,100.0
1080,79,150.0
1081,78,150.0
1082,76,150.0
1083,81,150.0
1084,91,200.0
1085,136,300.0
1086,81,200.0
1087,253,450.0
1088,93,150.0
1089,69,200.0
1090,69,200.0
1091,92,250.0
1092,78,150.0
1093,86,150.0
1094,76,250.0
1095,69,100.0
1096,73,150.0
1097,84,100.0
1098,127,150.0
1099,73,100.0
1100,91,150.0
1101,342,600.0
1102,72,100.0
1103,78,150.0
1104,141,300.0
1105,105,200.0
1106,77,100.0
1107,82,200.0
1108,76,150.0
1109,69,150.0
1110,74,200.0
1111,92,150.0
1112,64,150.0
1113,82,200.0
1114,128,150.0
1115,90,150.0
1116,114,250.0
1117,67,100.0
1118,69,150.0
1119,236,450.0
1120,85,100.0
1121,157,200.0
1122,153,300.0
1123,76,100.0
1124,88,50.0
1125,66,150.0
1126,114,250.0
1127,70,100.0
1128,82,200.0
1129,99,200.0
1130,84,100.0
1131,103,150.0
1132,270,550.0
1133,103,250.0
1134,75,100.0
1135,87,150.0
1136,81,100.0
1137,79,200.0
1138,84,50.0
1139,69,150.0
1140,134,300.0
1141,67,250.0
1142,80,150.0
1143,78,100.0
1144,139,200.0
1145,75,150.0
1146,107,150.0
1147,86,100.0
1148,78,150.0
1149,178,300.0
1150,143,300.0
1151,218,400.0
1152,74,250.0
1153,125,250.0
1154,81,150.0
1155,68,200.0
1156,73,200.0
1157,79,200.0
1158,73,100.0
1159,77,250.0
1160,107,100.0
1161,138,250.0
1162,212,400.0
1163,66,150.0
1164,83,100.0
1165,146,300.0
1166,69,100.0
1167,91,150.0
1168,83,150.0
1169,65,100.0
1170,76,150.0
1171,77,150.0
1172,69,250.0
1173,77,150.0
1174,394,650.0
1175,74,200.0
1176,83,150.0
1177,178,300.0
1178,75,150.0
1179,117,150.0
1180,77,150.0
1181,64,150.0
1182,70,150.0
1183,146,250.0
1184,68,150.0
1185,117,200.0
1186,80,100.0
1187,85,200.0
1188,66,200.0
1189,79,150.0
1190,65,250.0
1191,93,250.0
1192,178,250.0
1193,82,150.0
1194,89,200.0
1195,66,200.0
1196,79,150.0
1197,77,150.0
1198,79,100.0
1199,85,150.0
1200,231,400.0
1201,108,200.0
1202,71,200.0
1203,92,150.0
1204,106,200.0
1205,129,100.0
1206,83,200.0
1207,68,100.0
1208,88,250.0
1209,78,150.0
1210,82,100.0
1211,167,500.0
1212,71,100.0
1213,66,200.0
1214,69,200.0
1215,82,150.0
1216,121,200.0
1217,78,200.0
1218,68,150.0
1219,165,350.0
1220,80,150.0
1221,69,50.0
1222,186,400.0
1223,76,100.0
1224,75,200.0
1225,77,100.0
1226,86,100.0
1227,106,150.0
1228,144,250.0
1229,67,100.0
1230,65,150.0
1231,73,250.0
1232,81,200.0
1233,167,300.0
1234,78,200.0
1235,184,450.0
1236,75,100.0
1237,108,200.0
1238,70,150.0
1239,68,100.0
1240,88,100.0
1241,131,150.0
1242,76,150.0
1243,70,150.0
1244,65,150.0
1245,143,300.0
1246,113,150.0
1247,89,200.0
1248,82,200.0
1249,71,150.0
1250,76,150.0
1251,66,200.0
1252,77,150.0
1253,87,200.0
1254,137,150.0
1255,82,0.0
1256,186,400.0
1257,91,100.0
1258,138,250.0
1259,74,100.0
1260,77,200.0
1261,78,100.0
1262,69,100.0
1263,70,150.0
1264,86,100.0
1265,72,150.0
1266,212,350.0
1267,73,150.0
1268,71,200.0
1269,92,150.0
1270,112,200.0
1271,75,150.0
1272,78,100.0
1273,78,150.0
1274,88,150.0
1275,67,150.0
1276,80,150.0
1277,140,200.0
1278,74,150.0
1279,75,150.0
1280,67,200.0
1281,123,150.0
1282,67,100.0
1283,103,200.0
1284,79,100.0
1285,64,200.0
1286,80,100.0
1287,69,200.0
1288,65,150.0
1289,118,250.0
1290,121,200.0
1291,145,300.0
1292,70,200.0
1293,81,200.0
1294,142,250.0
1295,163,350.0
1296,77,100.0
1297,83,200.0
1298,113,200.0
1299,131,200.0
1300,76,150.0
1301,91,250.0
1302,79,150.0
1303,74,150.0
1304,128,150.0
1305,76,200.0
1306,92,200.0
1307,91,200.0
1308,71,200.0
1309,83,200.0
1310,146,250.0
1311,89,150.0
1312,151,250.0
1313,142,200.0
1314,79,50.0
1315,71,250.0
1316,79,100.0
1317,138,200.0
1318,77,200.0
1319,74,50.0
1320,107,150.0
1321,88,200.0
1322,71,250.0
1323,124,150.0
1324,145,350.0
1325,149,250.0
1326,93,150.0
1327,139,300.0
1328,125,200.0
1329,73,200.0
1330,162,350.0
1331,70,250.0
1332,80,100.0
1333,90,150.0
1334,85,150.0
1335,85,150.0
1336,79,200.0
1337,73,200.0
1338,78,200.0
1339,75,150.0
1340,69,250.0
1341,69,150.0
1342,77,150.0
1343,96,150.0
1344,79,100.0
1345,73,150.0
1346,80,200.0
1347,80,150.0
1348,70,150.0
1349,84,100.0
1350,118,300.0
1351,94,150.0
1352,173,400.0
1353,69,150.0
1354,78,150.0
1355,71,200.0
1356,76,100.0
1357,71,200.0
1358,75,200.0
1359,81,250.0
1360,78,100.0
1361,125,250.0
1362,77,200.0
1363,79,100.0
1364,81,150.0
1365,113,200.0
1366,68,150.0
1367,106,200.0
1368,86,150.0
1369,116,150.0
1370,80,200.0
1371,79,150.0
1372,144,350.0
1373,70,100.0
1374,69,200.0
1375,66,150.0
1376,70,150.0
1377,85,150.0
1378,91,150.0
1379,65,100.0
1380,152,250.0
1381,142,200.0
1382,77,100.0
1383,112,150.0
1384,177,300.0
1385,80,100.0
1386,79,100.0
1387,68,200.0
1388,204,450.0
1389,175,300.0
1390,90,150.0
1391,74,200.0
1392,104,300.0
1393,138,150.0
1394,93,150.0
1395,145,200.0
1396,314,900.0
1397,79,100.0
1398,88,200.0
1399,87,150.0
1400,69,100.0
1401,69,100.0
1402,68,100.0
1403,81,150.0
1404,72,200.0
1405,68,150.0
1406,80,250.0
1407,120,150.0
1408,76,150.0
1409,86,100.0
1410,66,250.0
1411,100,150.0
1412,68,200.0
1413,75,50.0
1414,110,150.0
1415,147,300.0
1416,69,100.0
1417,168,250.0
1418,74,150.0
1419,89,200.0
1420,68,100.0
1421,126,100.0
1422,72,150.0
1423,66,150.0
1424,76,200.0
1425,66,150.0
1426,77,100.0
1427,253,400.0
1428,102,200.0
1429,89,150.0
1430,70,200.0
1431,158,350.0
1432,87,150.0
1433,184,350.0
1434,74,100.0
1435,74,200.0
1436,69,150.0
1437,193,350.0
1438,71,150.0
1439,70,250.0
1440,70,150.0
1441,124,300.0
1442,163,300.0
1443,73,150.0
1444,91,150.0
1445,69,150.0
1446,66,150.0
1447,139,250.0
1448,78,200.0
1449,80,150.0
1450,78,200.0
1451,66,200.0
1452,68,150.0
1453,74,150.0
1454,72,200.0
1455,77,150.0
1456,141,300.0
1457,90,150.0
1458,76,200.0
1459,88,150.0
1460,164,250.0
1461,238,400.0
1462,70,150.0
1463,71,200.0
1464,69,150.0
1465,81,200.0
1466,89,250.0
1467,183,450.0
1468,74,200.0
1469,118,200.0
1470,75,150.0
1471,195,400.0
1472,69,100.0
1473,70,150.0
1474,78,100.0
1475,80,150.0
1476,85,200.0
1477,135,200.0
1478,81,250.0
1479,159,150.0
1480,75,100.0
1481,68,150.0
1482,101,150.0
1483,70,200.0
1484,81,150.0
1485,129,300.0
1486,84,150.0
1487,113,200.0
1488,140,200.0
1489,66,150.0
1490,70,150.0
1491,81,150.0
1492,82,150.0
1493,72,200.0
1494,105,200.0
1495,70,150.0
1496,234,450.0
1497,110,150.0
1498,88,150.0
1499,77,200.0
1500,122,200.0
1501,140,350.0
1502,70,50.0
1503,67,150.0
1504,71,200.0
1505,72,200.0
1506,75,150.0
1507,139,150.0
1508,180,400.0
1509,79,300.0
1510,74,100.0
1511,67,100.0
1512,118,300.0
1513,81,200.0
1514,78,200.0
1515,91,200.0
1516,79,200.0
1517,92,200.0
1518,159,250.0
1519,75,150.0
1520,79,200.0
1521,79,300.0
1522,76,150.0
1523,74,150.0
1524,67,200.0
1525,76,50.0
1526,163,300.0
1527,106,250.0
1528,244,650.0
1529,94,150.0
1530,79,150.0
1531,74,150.0
1532,64,250.0
1533,70,200.0
1534,65,150.0
1535,121,300.0
1536,71,150.0
1537,92,200.0
1538,81,150.0
1539,139,200.0
1540,114,200.0
1541,73,150.0
1542,106,250.0
1543,86,200.0
1544,122,200.0
1545,68,200.0
1546,179,400.0
1547,85,200.0
1548,94,250.0
1549,75,200.0
1550,68,200.0
1551,139,250.0
1552,68,300.0
1553,69,250.0
1554,71,200.0
1555,100,150.0
1556,66,200.0
1557,141,350.0
1558,79,200.0
1559,178,400.0
1560,67,250.0
1561,77,150.0
1562,210,450.0
1563,160,300.0
1564,86,50.0
1565,75,150.0
1566,71,200.0
1567,69,200.0
1568,76,200.0
1569,68,200.0
1570,70,200.0
1571,83,150.0
1572,146,250.0
1573,93,150.0
1574,79,200.0
1575,71,200.0
1576,75,150.0
1577,80,150.0
1578,77,150.0
1579,79,150.0
1580,64,200.0
1581,77,150.0
1582,69,200.0
1583,65,300.0
1584,70,200.0
1585,71,200.0
1586,74,150.0
1587,69,250.0
1588,78,200.0
1589,241,550.0
1590,117,250.0
1591,144,250.0
1592,145,350.0
1593,66,150.0
1594,90,150.0
1595,68,200.0
1596,79,200.0
1597,74,150.0
1598,69,100.0
1599,71,300.0
1600,94,200.0
1601,84,200.0
1602,129,200.0
1603,68,150.0
1604,79,250.0
1605,78,200.0
1606,131,150.0
1607,96,200.0
1608,246,400.0
1609,223,450.0
1610,79,200.0
1611,67,200.0
1612,72,150.0
1613,109,150.0
1614,71,200.0
1615,73,150.0
1616,75,250.0
1617,102,150.0
1618,85,200.0
1619,79,200.0
1620,78,150.0
1621,232,500.0
1622,82,200.0
1623,83,200.0
1624,70,200.0
1625,140,250.0
1626,122,200.0
1627,150,400.0
1628,72,150.0
1629,70,250.0
1630,69,200.0
1631,68,200.0
1632,115,250.0
1633,68,200.0
1634,89,200.0
1635,67,200.0
1636,74,200.0
1637,137,250.0
1638,115,250.0
1639,175,350.0
1640,81,150.0
1641,65,200.0
1642,84,150.0
1643,110,150.0
1644,84,200.0
1645,84,200.0
1646,80,300.0
1647,89,150.0
1648,146,350.0
1649,68,100.0
1650,83,200.0
1651,71,100.0
1652,75,150.0
1653,149,250.0
1654,173,300.0
1655,86,100.0
1656,141,200.0
1657,80,200.0
1658,76,250.0
1659,75,100.0
1660,136,250.0
1661,76,250.0
1662,180,350.0
1663,78,100.0
1664,141,250.0
1665,92,200.0
1666,68,100.0
1667,99,250.0
1668,81,200.0
1669,76,150.0
1670,135,300.0
1671,133,200.0
1672,95,200.0
1673,135,250.0
1674,153,350.0
1675,148,350.0
1676,176,400.0
1677,84,150.0
1678,103,200.0
1679,69,200.0
1680,88,200.0
1681,71,200.0
1682,70,150.0
1683,84,150.0
1684,73,150.0
1685,141,250.0
1686,156,350.0
1687,96,150.0
1688,89,150.0
1689,116,300.0
1690,79,150.0
1691,144,250.0
1692,70,200.0
1693,64,200.0
1694,75,250.0
1695,91,150.0
1696,69,200.0
1697,65,200.0
1698,138,250.0
1699,178,350.0
1700,70,250.0
1701,71,100.0
1702,76,150.0
1703,81,200.0
1704,70,150.0
1705,127,200.0
1706,122,250.0
1707,188,350.0
1708,65,150.0
1709,70,200.0
1710,135,250.0
1711,113,200.0
1712,84,200.0
1713,111,250.0
1714,94,200.0
1715,129,250.0
1716,81,200.0
1717,92,100.0
1718,69,150.0
1719,95,200.0
1720,85,150.0
1721,88,300.0
1722,67,150.0
1723,71,150.0
1724,68,200.0
1725,128,150.0
1726,71,200.0
1727,70,150.0
1728,76,150.0
1729,134,200.0
1730,237,600.0
1731,71,150.0
1732,65,100.0
1733,66,200.0
1734,95,150.0
1735,70,300.0
1736,78,200.0
1737,79,200.0
1738,81,250.0
1739,70,200.0
1740,73,250.0
1741,71,200.0
1742,84,200.0
1743,105,250.0
1744,73,200.0
1745,78,200.0
1746,67,300.0
1747,70,200.0
1748,89,150.0
1749,245,450.0
1750,170,400.0
1751,73,200.0
1752,96,100.0
1753,73,250.0
1754,139,250.0
1755,72,150.0
1756,66,200.0
1757,66,200.0
1758,204,400.0
1759,85,200.0
1760,71,250.0
1761,83,300.0
1762,70,150.0
1763,75,200.0
1764,154,250.0
1765,124,200.0
1766,83,100.0
1767,63,200.0
1768,177,500.0
1769,126,250.0
1770,77,150.0
1771,150,450.0
1772,66,150.0
1773,70,150.0
1774,83,150.0
1775,91,250.0
1776,67,100.0
1777,84,250.0
1778,66,200.0
1779,65,150.0
1780,157,400.0
1781,67,150.0
1782,128,250.0
1783,151,400.0
1784,69,200.0
1785,71,200.0
1786,93,250.0
1787,181,350.0
1788,81,200.0
1789,135,250.0
1790,115,250.0
1791,70,250.0
1792,159,300.0
1793,80,150.0
1794,103,250.0
1795,126,250.0
1796,79,150.0
1797,68,150.0
1798,68,150.0
1799,184,350.0
1800,118,200.0
1801,66,150.0
1802,75,200.0
1803,75,200.0
1804,77,150.0
1805,75,200.0
1806,174,400.0
1807,81,150.0
1808,78,150.0
1809,66,200.0
1810,118,200.0
1811,131,300.0
1812,66,200.0
1813,77,150.0
1814,140,200.0
1815,66,150.0
1816,68,150.0
1817,233,500.0
1818,68,150.0
1819,175,350.0
1820,84,150.0
1821,143,150.0
1822,67,200.0
1823,69,150.0
1824,68,200.0
1825,118,300.0
1826,75,150.0
1827,71,200.0
1828,84,250.0
1829,68,200.0
1830,100,300.0
1831,74,250.0
1832,79,100.0
1833,74,200.0
1834,70,100.0
1835,159,300.0
1836,137,250.0
1837,70,200.0
1838,135,250.0
1839,71,100.0
1840,78,150.0
1841,84,150.0
1842,94,250.0
1843,81,150.0
1844,146,200.0
1845,117,200.0
1846,108,250.0
1847,90,200.0
1848,87,150.0
1849,65,150.0
1850,68,300.0
1851,76,200.0
1852,114,200.0
1853,68,200.0
1854,151,400.0
1855,155,350.0
1856,72,150.0
1857,83,100.0
1858,246,500.0
1859,101,250.0
1860,172,350.0
1861,138,400.0
1862,83,150.0
1863,143,300.0
1864,149,350.0
1865,157,300.0
1866,73,200.0
1867,110,250.0
1868,108,250.0
1869,128,200.0
1870,74,150.0
1871,88,200.0
1872,170,400.0
1873,214,250.0
1874,190,450.0
1875,172,400.0
1876,150,250.0
1877,81,200.0
1878,80,200.0
1879,124,250.0
1880,66,200.0
1881,78,150.0
1882,157,200.0
1883,76,150.0
1884,73,200.0
1885,81,250.0
1886,70,150.0
1887,69,150.0
1888,89,150.0
1889,141,350.0
1890,69,200.0
1891,139,200.0
1892,96,200.0
1893,74,200.0
1894,89,200.0
1895,79,200.0
1896,84,100.0
1897,80,100.0
1898,154,300.0
1899,147,300.0
1900,76,200.0
1901,77,200.0
1902,244,450.0
1903,67,100.0
1904,72,150.0
1905,71,150.0
1906,90,250.0
1907,94,150.0
1908,116,200.0
1909,89,150.0
1910,83,200.0
1911,146,300.0
1912,108,200.0
1913,77,150.0
1914,66,250.0
1915,87,150.0
1916,64,250.0
1917,114,300.0
1918,79,200.0
1919,66,250.0
1920,79,150.0
1921,68,150.0
1922,77,200.0
1923,72,200.0
1924,72,250.0
1925,74,200.0
1926,171,400.0
1927,69,200.0
1928,68,250.0
1929,70,200.0
1930,76,200.0
1931,185,450.0
1932,65,200.0
1933,128,200.0
1934,155,300.0
1935,116,300.0
1936,177,300.0
1937,72,150.0
1938,120,200.0
1939,130,250.0
1940,106,100.0
1941,107,200.0
1942,78,200.0
1943,151,400.0
1944,76,150.0
1945,78,200.0
1946,72,300.0
1947,141,200.0
1948,104,250.0
1949,147,350.0
1950,87,200.0
1951,81,200.0
1952,63,300.0
1953,72,200.0
1954,81,100.0
1955,87,150.0
1956,95,150.0
1957,124,300.0
1958,77,200.0
1959,117,200.0
1960,73,250.0
1961,140,300.0
1962,255,600.0
1963,82,150.0
1964,68,200.0
1965,123,200.0
1966,81,100.0
1967,74,50.0
1968,91,200.0
1969,102,250.0
1970,115,200.0
1971,63,250.0
1972,80,200.0
1973,168,450.0
1974,243,600.0
1975,71,250.0
1976,66,200.0
1977,75,200.0
1978,68,200.0
1979,156,300.0
1980,68,250.0
1981,77,150.0
1982,80,200.0
1983,148,450.0
1984,138,250.0
1985,80,200.0
1986,95,150.0
1987,75,200.0
1988,71,200.0
1989,158,300.0
1990,160,300.0
1991,79,100.0
1992,76,200.0
1993,72,200.0
1994,135,400.0
1995,69,200.0
1996,64,250.0
1997,79,100.0
1998,123,200.0
1999,354,600.0
2000,79,200.0
2001,73,200.0
2002,179,450.0
2003,74,50.0
2004,113,150.0
2005,87,250.0
2006,103,250.0
2007,73,150.0
2008,74,300.0
2009,83,200.0
2010,76,150.0
2011,137,200.0
2012,68,200.0
2013,77,200.0
2014,138,300.0
2015,161,450.0
2016,127,300.0
2017,135,300.0
2018,70,150.0
2019,97,200.0
2020,169,550.0
2021,70,150.0
2022,149,350.0
2023,69,200.0
2024,84,150.0
2025,63,200.0
2026,123,200.0
2027,98,250.0
2028,66,150.0
2029,140,250.0
2030,114,250.0
2031,137,300.0
2032,67,150.0
2033,70,200.0
2034,208,500.0
2035,80,150.0
2036,127,300.0
2037,85,200.0
2038,146,400.0
2039,65,200.0
2040,69,150.0
2041,238,500.0
2042,76,50.0
2043,79,250.0
2044,79,150.0
2045,83,150.0
2046,95,200.0
2047,69,350.0
2048,105,200.0
2049,83,200.0
2050,85,250.0
2051,79,150.0
2052,67,150.0
2053,66,250.0
2054,72,200.0
2055,107,200.0
2056,173,300.0
2057,70,200.0
2058,117,350.0
2059,146,300.0
2060,218,450.0
2061,115,250.0
2062,108,150.0
2063,117,250.0
2064,139,200.0
2065,75,100.0
2066,65,250.0
2067,80,200.0
2068,93,200.0
2069,73,150.0
2070,119,250.0
2071,123,300.0
2072,84,250.0
2073,67,250.0
2074,76,200.0
2075,75,200.0
2076,75,200.0
2077,75,150.0
2078,152,350.0
2079,73,250.0
2080,71,200.0
2081,69,200.0
2082,138,250.0
2083,320,900.0
2084,75,300.0
2085,116,300.0
2086,104,200.0
2087,74,250.0
2088,79,150.0
2089,71,200.0
2090,75,100.0
2091,80,200.0
2092,124,200.0
2093,135,300.0
2094,91,150.0
2095,278,600.0
2096,116,350.0
2097,107,200.0
2098,84,250.0
2099,133,250.0
2100,71,200.0
2101,67,200.0
2102,75,100.0
2103,291,600.0
2104,118,200.0
2105,86,150.0
2106,77,250.0
2107,66,200.0
2108,82,200.0
2109,68,150.0
2110,77,200.0
2111,179,450.0
2112,96,150.0
2113,93,250.0
2114,83,150.0
2115,166,350.0
2116,79,250.0
2117,86,150.0
2118,67,150.0
2119,75,200.0
2120,71,250.0
2121,74,150.0
2122,139,300.0
2123,111,300.0
2124,236,600.0
2125,112,250.0
2126,80,200.0
2127,134,250.0
2128,177,350.0
2129,237,500.0
2130,88,250.0
2131,138,250.0
2132,68,200.0
2133,73,150.0
2134,175,350.0
2135,80,150.0
2136,76,200.0
2137,72,200.0
2138,172,450.0
2139,146,350.0
2140,102,300.0
2141,65,150.0
2142,85,150.0
2143,126,200.0
2144,85,150.0
2145,174,350.0
2146,135,250.0
2147,147,300.0
2148,123,200.0
2149,63,250.0
2150,141,300.0
2151,107,250.0
2152,83,200.0
2153,85,150.0
2154,89,200.0
2155,75,150.0
2156,80,250.0
2157,74,200.0
2158,72,250.0
2159,84,200.0
2160,119,150.0
2161,107,200.0
2162,88,200.0
2163,72,200.0
2164,100,200.0
2165,112,150.0
2166,89,200.0
2167,78,150.0
2168,93,200.0
2169,82,200.0
2170,80,200.0
2171,67,200.0
2172,190,350.0
2173,78,150.0
2174,76,200.0
2175,164,250.0
2176,105,250.0
2177,79,200.0
2178,72,200.0
2179,135,200.0
2180,72,200.0
2181,78,150.0
2182,123,150.0
2183,76,200.0
2184,76,200.0
2185,247,600.0
2186,74,300.0
2187,75,250.0
2188,79,150.0
2189,80,200.0
2190,82,200.0
2191,113,200.0
2192,96,300.0
2193,150,400.0
2194,162,350.0
2195,140,350.0
2196,177,400.0
2197,241,500.0
2198,94,200.0
2199,109,250.0
2200,106,200.0
2201,78,150.0
2202,89,250.0
2203,112,250.0
2204,83,200.0
2205,241,550.0
2206,69,150.0
2207,150,350.0
2208,90,250.0
2209,89,200.0
2210,322,650.0
2211,83,150.0
2212,145,300.0
2213,70,300.0
2214,114,300.0
2215,72,100.0
2216,64,200.0
2217,87,250.0
2218,87,200.0
2219,83,200.0
2220,122,150.0
2221,84,200.0
2222,139,350.0
2223,93,150.0
2224,84,250.0
2225,79,150.0
2226,149,250.0
2227,149,400.0
2228,82,200.0
2229,78,150.0
2230,149,400.0
2231,79,200.0
2232,176,400.0
2233,134,400.0
2234,122,150.0
2235,79,200.0
2236,65,200.0
2237,79,150.0
2238,178,300.0
2239,66,200.0
2240,207,450.0
2241,78,200.0
2242,75,150.0
2243,177,450.0
2244,82,150.0
2245,90,150.0
2246,77,150.0
2247,71,150.0
2248,76,200.0
2249,151,350.0
2250,273,500.0
2251,94,150.0
2252,117,200.0
2253,307,650.0
2254,79,150.0
2255,79,200.0
2256,90,200.0
2257,84,250.0
2258,70,250.0
2259,79,250.0
2260,77,150.0
2261,95,200.0
2262,88,150.0
2263,149,350.0
2264,74,150.0
2265,143,200.0
2266,180,400.0
2267,151,400.0
2268,176,350.0
2269,70,150.0
2270,95,150.0
2271,196,500.0
2272,83,200.0
2273,75,150.0
2274,142,400.0
2275,185,350.0
2276,142,150.0
2277,67,150.0
2278,93,200.0
2279,158,300.0
2280,94,200.0
2281,78,250.0
2282,83,200.0
2283,147,300.0
2284,210,300.0
2285,86,150.0
2286,173,400.0
2287,80,100.0
2288,229,450.0
2289,81,150.0
2290,76,200.0
2291,81,150.0
2292,128,300.0
2293,74,150.0
2294,81,200.0
2295,71,100.0
2296,88,300.0
2297,118,250.0
2298,137,250.0
2299,78,150.0
2300,68,250.0
2301,75,150.0
2302,70,250.0
2303,76,150.0
2304,78,150.0
2305,80,150.0
2306,83,250.0
2307,309,650.0
2308,79,150.0
2309,75,200.0
2310,157,300.0
2311,101,200.0
2312,91,150.0
2313,78,200.0
2314,152,450.0
2315,147,350.0
2316,87,100.0
2317,78,200.0
2318,78,200.0
2319,169,300.0
2320,80,250.0
2321,73,250.0
2322,68,200.0
2323,309,700.0
2324,140,100.0
2325,74,150.0
2326,79,150.0
2327,80,150.0
2328,218,550.0
2329,84,250.0
2330,80,200.0
2331,181,400.0
2332,132,200.0
2333,79,100.0
2334,153,350.0
2335,64,150.0
2336,94,250.0
2337,80,200.0
2338,219,600.0
2339,70,200.0
2340,106,200.0
2341,76,250.0
2342,82,200.0
2343,75,200.0
2344,190,300.0
2345,65,250.0
2346,79,200.0
2347,164,350.0
2348,104,250.0
2349,80,150.0
2350,69,200.0
2351,75,150.0
2352,200,450.0
2353,191,500.0
2354,99,300.0
2355,67,200.0
2356,64,200.0
2357,81,200.0
2358,80,150.0
2359,91,200.0
2360,74,200.0
2361,134,200.0
2362,96,200.0
2363,78,150.0
2364,82,200.0
2365,118,200.0
2366,142,300.0
2367,67,250.0
2368,75,200.0
2369,241,500.0
2370,75,200.0
2371,114,200.0
2372,68,250.0
2373,122,300.0
2374,69,200.0
2375,87,150.0
2376,81,200.0
2377,78,200.0
2378,84,250.0
2379,77,200.0
2380,89,200.0
2381,125,200.0
2382,215,600.0
2383,124,250.0
2384,120,250.0
2385,139,300.0
2386,138,300.0
2387,71,200.0
2388,75,200.0
2389,177,400.0
2390,189,400.0
2391,75,200.0
2392,86,200.0
2393,177,300.0
2394,93,200.0
2395,69,200.0
2396,79,200.0
2397,143,350.0
2398,243,550.0
2399,72,100.0
2400,286,600.0
2401,78,150.0
2402,124,300.0
2403,238,550.0
2404,64,200.0
2405,182,550.0
2406,74,150.0
2407,67,200.0
2408,79,200.0
2409,102,250.0
2410,67,250.0
2411,67,150.0
2412,68,150.0
2413,65,250.0
2414,69,200.0
2415,80,200.0
2416,75,150.0
2417,77,250.0
2418,72,200.0
2419,101,200.0
2420,70,150.0
2421,152,350.0
2422,117,200.0
2423,133,250.0
2424,206,450.0
2425,67,200.0
2426,87,250.0
2427,157,450.0
2428,74,200.0
2429,109,150.0
2430,68,200.0
2431,69,200.0
2432,120,250.0
2433,78,200.0
2434,86,150.0
2435,69,150.0
2436,71,250.0
2437,144,350.0
2438,127,250.0
2439,71,250.0
2440,68,200.0
2441,98,200.0
2442,190,450.0
2443,128,200.0
2444,151,300.0
2445,69,150.0
2446,121,200.0
2447,73,200.0
2448,72,250.0
2449,116,200.0
2450,73,200.0
2451,83,200.0
2452,81,200.0
2453,86,200.0
2454,94,150.0
2455,84,200.0
2456,89,250.0
2457,81,250.0
2458,115,250.0
2459,146,400.0
2460,88,250.0
2461,120,350.0
2462,298,400.0
2463,75,150.0
2464,118,300.0
2465,82,150.0
2466,69,200.0
2467,140,250.0
2468,126,250.0
2469,99,150.0
2470,68,200.0
2471,71,250.0
2472,73,150.0
2473,174,450.0
2474,104,150.0
2475,76,200.0
2476,91,250.0
2477,105,250.0
2478,82,200.0
2479,95,200.0
2480,75,350.0
2481,148,350.0
2482,131,250.0
2483,82,200.0
2484,73,200.0
2485,65,150.0
2486,157,300.0
2487,85,200.0
2488,240,600.0
2489,122,200.0
2490,235,650.0
2491,76,150.0
2492,67,150.0
2493,104,200.0
2494,64,150.0
2495,128,150.0
2496,140,300.0
2497,69,200.0
2498,69,300.0
2499,122,300.0
2500,114,250.0
2501,79,200.0
2502,83,200.0
2503,198,450.0
2504,93,200.0
2505,122,300.0
2506,264,500.0
2507,73,200.0
2508,90,250.0
2509,113,200.0
2510,103,200.0
2511,69,200.0
2512,89,250.0
2513,79,200.0
2514,81,150.0
2515,122,200.0
2516,80,200.0
2517,149,250.0
2518,85,200.0
2519,86,200.0
2520,140,350.0
2521,77,200.0
2522,88,250.0
2523,124,300.0
2524,87,200.0
2525,70,250.0
2526,78,150.0
2527,74,200.0
2528,87,200.0
2529,212,450.0
2530,68,150.0
2531,87,200.0
2532,64,350.0
2533,72,150.0
2534,134,150.0
2535,68,300.0
2536,79,250.0
2537,68,150.0
2538,113,200.0
2539,154,450.0
2540,78,250.0
2541,155,300.0
2542,139,300.0
2543,91,150.0
2544,69,150.0
2545,68,200.0
2546,66,200.0
2547,73,250.0
2548,145,350.0
2549,96,150.0
2550,240,600.0
2551,133,250.0
2552,257,650.0
2553,170,400.0
2554,83,150.0
2555,81,250.0
2556,71,150.0
2557,77,150.0
2558,135,350.0
2559,71,250.0
2560,101,300.0
2561,81,200.0
2562,76,200.0
2563,100,200.0
2564,90,150.0
2565,175,350.0
2566,109,250.0
2567,124,200.0
2568,74,200.0
2569,147,400.0
2570,147,350.0
2571,68,200.0
2572,165,350.0
2573,67,200.0
2574,78,150.0
2575,78,200.0
2576,73,300.0
2577,112,200.0
2578,75,200.0
2579,139,450.0
2580,94,150.0
2581,79,200.0
2582,75,150.0
2583,76,200.0
2584,87,200.0
2585,90,150.0
2586,72,250.0
2587,133,250.0
2588,79,200.0
2589,294,650.0
2590,100,300.0
2591,85,150.0
2592,77,100.0
2593,151,350.0
2594,131,200.0
2595,94,200.0
2596,90,250.0
2597,79,250.0
2598,82,200.0
2599,84,200.0
2600,139,300.0
2601,75,150.0
2602,148,350.0
2603,69,250.0
2604,138,200.0
2605,151,350.0
2606,83,200.0
2607,179,400.0
2608,69,200.0
2609,315,550.0
2610,122,250.0
2611,66,250.0
2612,87,250.0
2613,75,200.0
2614,81,200.0
2615,67,150.0
2616,126,200.0
2617,68,250.0
2618,143,250.0
2619,84,200.0
2620,68,200.0
2621,104,250.0
2622,83,250.0
2623,74,200.0
2624,126,150.0
2625,73,200.0
2626,145,200.0
2627,69,250.0
2628,82,150.0
2629,174,400.0
2630,251,550.0
2631,69,200.0
2632,67,200.0
2633,70,150.0
2634,94,200.0
2635,77,250.0
2636,74,300.0
2637,73,100.0
2638,152,250.0
2639,79,150.0
2640,78,150.0
2641,75,200.0
2642,80,200.0
2643,156,400.0
2644,105,300.0
2645,107,250.0
2646,67,300.0
2647,167,400.0
2648,163,400.0
2649,78,200.0
2650,82,250.0
2651,69,200.0
2652,213,400.0
2653,186,400.0
2654,83,200.0
2655,67,150.0
2656,77,150.0
2657,141,300.0
2658,71,100.0
2659,111,200.0
2660,125,200.0
2661,108,250.0
2662,66,150.0
2663,104,150.0
2664,155,450.0
2665,140,350.0
2666,71,200.0
2667,111,250.0
2668,280,400.0
2669,155,450.0
2670,79,200.0
2671,120,200.0
2672,144,400.0
2673,147,400.0
2674,89,200.0
2675,79,250.0
2676,139,350.0
2677,80,200.0
2678,243,550.0
2679,113,250.0
2680,122,300.0
2681,180,350.0
2682,83,200.0
2683,99,200.0
2684,147,250.0
2685,75,150.0
2686,176,450.0
2687,83,200.0
2688,77,100.0
2689,148,250.0
2690,76,150.0
2691,108,250.0
2692,256,600.0
2693,68,150.0
2694,73,200.0
2695,89,150.0
2696,83,250.0
2697,175,400.0
2698,98,200.0
2699,70,200.0
2700,74,250.0
2701,135,300.0
2702,171,450.0
2703,91,150.0
2704,70,200.0
2705,145,450.0
2706,240,600.0
2707,115,200.0
2708,207,600.0
2709,78,200.0
2710,175,450.0
2711,82,200.0
2712,134,300.0
2713,183,300.0
2714,112,200.0
2715,70,200.0
2716,75,150.0
2717,71,250.0
2718,113,250.0
2719,150,200.0
2720,278,550.0
2721,102,300.0
2722,86,200.0
2723,83,150.0
2724,175,350.0
2725,168,350.0
2726,94,250.0
2727,258,550.0
2728,84,250.0
2729,78,150.0
2730,66,200.0
2731,76,200.0
2732,64,300.0
2733,77,150.0
2734,84,250.0
2735,65,250.0
2736,93,200.0
2737,84,150.0
2738,64,200.0
2739,171,450.0
2740,73,150.0
2741,83,200.0
2742,67,250.0
2743,67,250.0
2744,146,350.0
2745,117,300.0
2746,79,100.0
2747,101,150.0
2748,189,350.0
2749,66,150.0
2750,144,250.0
2751,101,200.0
2752,183,350.0
2753,220,450.0
2754,68,100.0
2755,184,500.0
2756,74,150.0
2757,83,150.0
2758,75,200.0
2759,115,300.0
2760,145,300.0
2761,143,450.0
2762,110,350.0
2763,136,300.0
2764,68,200.0
2765,75,200.0
2766,138,250.0
2767,66,200.0
2768,88,150.0
2769,74,200.0
2770,151,250.0
2771,89,200.0
2772,138,250.0
2773,84,250.0
2774,70,200.0
2775,118,300.0
2776,152,300.0
2777,120,250.0
2778,72,200.0
2779,182,600.0
2780,84,200.0
2781,66,200.0
2782,77,250.0
2783,96,250.0
2784,84,150.0
2785,75,150.0
2786,126,350.0
2787,73,150.0
2788,139,300.0
2789,134,350.0
2790,192,300.0
2791,75,150.0
2792,183,350.0
2793,94,200.0
2794,69,200.0
2795,171,400.0
2796,97,200.0
2797,78,200.0
2798,69,200.0
2799,139,250.0
2800,79,150.0
2801,216,500.0
2802,176,550.0
2803,66,250.0
2804,168,500.0
2805,105,250.0
2806,72,200.0
2807,81,200.0
2808,74,100.0
2809,84,200.0
2810,71,150.0
2811,73,150.0
2812,65,200.0
2813,91,150.0
2814,77,150.0
2815,110,250.0
2816,68,250.0
2817,236,650.0
2818,67,250.0
2819,86,200.0
2820,112,250.0
2821,72,150.0
2822,140,200.0
2823,84,150.0
2824,67,200.0
2825,189,400.0
2826,78,100.0
2827,160,200.0
2828,74,150.0
2829,89,200.0
2830,138,200.0
2831,68,200.0
2832,77,200.0
2833,134,250.0
2834,75,200.0
2835,69,150.0
2836,85,200.0
2837,105,200.0
2838,66,250.0
2839,113,300.0
2840,81,200.0
2841,72,150.0
2842,176,400.0
2843,65,200.0
2844,81,250.0
2845,109,300.0
2846,73,150.0
2847,92,250.0
2848,235,450.0
2849,103,200.0
2850,103,200.0
2851,85,150.0
2852,160,400.0
2853,132,250.0
2854,65,200.0
2855,79,200.0
2856,73,200.0
2857,71,200.0
2858,67,200.0
2859,79,150.0
2860,81,200.0
2861,88,250.0
2862,69,250.0
2863,126,150.0
2864,75,150.0
2865,136,150.0
2866,86,300.0
2867,76,150.0
2868,109,200.0
2869,201,450.0
2870,78,300.0
2871,152,350.0
2872,88,150.0
2873,164,450.0
2874,68,200.0
2875,124,200.0
2876,67,200.0
2877,67,250.0
2878,63,250.0
2879,151,350.0
2880,230,400.0
2881,69,200.0
2882,65,150.0
2883,77,250.0
2884,69,200.0
2885,113,200.0
2886,84,200.0
2887,71,300.0
2888,108,250.0
2889,146,250.0
2890,129,200.0
2891,78,150.0
2892,90,200.0
2893,74,200.0
2894,86,200.0
2895,70,250.0
2896,79,150.0
2897,95,200.0
2898,85,200.0
2899,71,250.0
2900,81,150.0
2901,101,200.0
2902,114,250.0
2903,79,150.0
2904,136,250.0
2905,80,200.0
2906,113,200.0
2907,76,150.0
2908,94,250.0
2909,76,150.0
2910,82,200.0
2911,87,250.0
2912,93,200.0
2913,114,250.0
2914,82,200.0
2915,81,150.0
2916,150,400.0
2917,97,200.0
2918,82,250.0
2919,141,250.0
2920,170,250.0
2921,91,200.0
2922,128,200.0
2923,74,150.0
2924,72,150.0
2925,141,250.0
2926,125,300.0
2927,66,150.0
2928,105,200.0
2929,76,150.0
2930,81,200.0
2931,77,250.0
2932,74,150.0
2933,73,150.0
2934,229,400.0
2935,83,200.0
2936,175,450.0
2937,107,250.0
2938,72,150.0
2939,181,350.0
2940,83,250.0
2941,138,200.0
2942,158,450.0
2943,177,350.0
2944,83,250.0
2945,84,150.0
2946,80,250.0
2947,72,150.0
2948,70,250.0
2949,67,250.0
2950,76,250.0
2951,70,150.0
2952,64,200.0
2953,85,250.0
2954,120,250.0
2955,84,250.0
2956,141,200.0
2957,123,200.0
2958,74,200.0
2959,92,150.0
2960,76,200.0
2961,67,200.0
2962,74,200.0
2963,82,150.0
2964,67,250.0
2965,68,150.0
2966,92,200.0
2967,79,150.0
2968,175,500.0
2969,184,300.0
2970,89,150.0
2971,81,150.0
2972,68,200.0
2973,81,200.0
2974,148,300.0
2975,85,250.0
2976,215,450.0
2977,83,150.0
2978,151,300.0
2979,181,450.0
2980,166,400.0
2981,83,200.0
2982,74,150.0
2983,81,250.0
2984,88,250.0
2985,68,250.0
2986,136,200.0
2987,188,400.0
2988,168,350.0
2989,154,250.0
2990,93,200.0
2991,91,150.0
2992,72,300.0
2993,112,250.0
2994,64,250.0
2995,88,150.0
2996,78,200.0
2997,112,350.0
2998,76,250.0
2999,137,300.0
0,80,100.0
1,169,350.0
2,67,100.0
3,135,250.0
4,69,100.0
5,136,150.0
6,76,50.0
7,106,100.0
8,84,100.0
9,142,200.0
10,65,100.0
11,66,150.0
12,95,200.0
13,75,100.0
14,118,200.0
15,82,150.0
16,135,150.0
17,74,150.0
18,72,100.0
19,66,100.0
20,86,200.0
21,68,100.0
22,73,150.0
23,151,200.0
24,71,50.0
25,154,400.0
26,91,150.0
27,80,100.0
28,73,150.0
29,70,100.0
30,146,200.0
31,71,100.0
32,76,150.0
33,76,100.0
34,85,100.0
35,86,150.0
36,85,200.0
37,70,100.0
38,94,150.0
39,188,300.0
40,135,200.0
41,81,150.0
42,87,100.0
43,68,100.0
44,71,100.0
45,80,100.0
46,77,100.0
47,72,100.0
48,92,100.0
49,91,100.0
50,78,50.0
51,92,150.0
52,111,200.0
53,87,200.0
54,84,100.0
55,76,150.0
56,81,100.0
57,70,150.0
58,117,150.0
59,206,350.0
60,82,100.0
61,86,100.0
62,76,150.0
63,80,200.0
64,71,100.0
65,70,150.0
66,111,100.0
67,77,100.0
68,82,100.0
69,91,200.0
70,76,150.0
71,70,50.0
72,139,150.0
73,76,100.0
74,312,450.0
75,72,150.0
76,143,200.0
77,119,200.0
78,143,200.0
79,123,100.0
80,73,100.0
81,123,150.0
82,76,150.0
83,88,150.0
84,82,100.0
85,68,150.0
86,75,150.0
87,117,200.0
88,92,150.0
89,69,100.0
90,67,150.0
91,155,250.0
92,75,200.0
93,124,200.0
94,75,150.0
95,80,100.0
96,71,100.0
97,108,200.0
98,83,150.0
99,103,250.0
100,88,200.0
101,90,150.0
102,69,100.0
103,89,200.0
104,91,50.0
105,72,50.0
106,101,100.0
107,76,100.0
108,70,150.0
109,65,100.0
110,69,100.0
111,90,100.0
112,85,150.0
113,70,150.0
114,214,350.0
115,88,100.0
116,77,50.0
117,71,50.0
118,119,250.0
119,89,100.0
120,75,150.0
121,127,200.0
122,70,150.0
123,74,100.0
124,105,200.0
125,79,100.0
126,91,100.0
127,83,200.0
128,77,100.0
129,146,350.0
130,75,150.0
131,106,150.0
132,73,150.0
133,79,100.0
134,79,200.0
135,108,250.0
136,104,100.0
137,94,100.0
138,78,100.0
139,81,150.0
140,75,150.0
141,110,100.0
142,91,100.0
143,83,100.0
144,70,100.0
145,121,250.0
146,69,150.0
147,74,50.0
148,126,200.0
149,68,150.0
150,118,200.0
151,67,100.0
152,141,200.0
153,70,150.0
154,73,150.0
155,142,100.0
156,80,100.0
157,81,50.0
158,77,100.0
159,76,150.0
160,89,150.0
161,75,100.0
162,71,200.0
163,94,150.0
164,74,150.0
165,114,250.0
166,173,350.0
167,75,100.0
168,108,150.0
169,81,100.0
170,67,100.0
171,88,150.0
172,70,100.0
173,69,150.0
174,117,200.0
175,76,0.0
176,91,250.0
177,66,200.0
178,71,100.0
179,71,200.0
180,71,100.0
181,160,300.0
182,85,100.0
183,78,100.0
184,241,300.0
185,140,200.0
186,121,250.0
187,146,100.0
188,171,300.0
189,77,150.0
190,74,150.0
191,80,100.0
192,107,200.0
193,77,150.0
194,78,150.0
195,76,100.0
196,122,150.0
197,78,200.0
198,73,100.0
199,99,200.0
200,80,100.0
201,139,300.0
202,113,100.0
203,71,150.0
204,72,100.0
205,79,150.0
206,80,50.0
207,122,300.0
208,79,50.0
209,75,100.0
210,91,200.0
211,87,150.0
212,83,100.0
213,143,300.0
214,147,250.0
215,74,100.0
216,76,150.0
217,188,300.0
218,70,150.0
219,80,150.0
220,142,250.0
221,71,100.0
222,78,100.0
223,85,200.0
224,185,350.0
225,123,150.0
226,78,150.0
227,107,150.0
228,130,200.0
229,69,50.0
230,76,100.0
231,145,200.0
232,66,150.0
233,80,200.0
234,85,100.0
235,74,150.0
236,96,100.0
237,84,150.0
238,79,150.0
239,69,150.0
240,124,200.0
241,84,200.0
242,117,100.0
243,72,100.0
244,106,200.0
245,79,100.0
246,66,150.0
247,80,200.0
248,112,250.0
249,85,100.0
250,77,150.0
251,74,100.0
252,136,200.0
253,121,250.0
254,120,250.0
255,85,100.0
256,71,300.0
257,67,100.0
258,93,150.0
259,76,200.0
260,71,150.0
261,93,200.0
262,153,200.0
263,73,150.0
264,114,250.0
265,135,200.0
266,75,100.0
267,67,100.0
268,69,150.0
269,111,100.0
270,140,250.0
271,80,150.0
272,163,300.0
273,106,250.0
274,70,200.0
275,90,150.0
276,77,100.0
277,67,100.0
278,82,200.0
279,67,50.0
280,73,100.0
281,71,200.0
282,82,50.0
283,71,250.0
284,73,100.0
285,125,200.0
286,73,150.0
287,255,300.0
288,78,100.0
289,104,200.0
290,89,200.0
291,76,50.0
292,71,100.0
293,94,100.0
294,75,100.0
295,79,100.0
296,72,100.0
297,70,150.0
298,70,150.0
299,72,200.0
300,84,100.0
301,73,150.0
302,69,100.0
303,155,150.0
304,78,100.0
305,74,50.0
306,69,50.0
307,164,150.0
308,76,50.0
309,67,100.0
310,70,100.0
311,153,300.0
312,145,250.0
313,70,150.0
314,105,100.0
315,71,150.0
316,74,150.0
317,71,150.0
318,87,100.0
319,84,100.0
320,69,50.0
321,224,400.0
322,73,150.0
323,146,200.0
324,132,250.0
325,111,200.0
326,79,150.0
327,134,200.0
328,68,100.0
329,84,200.0
330,76,150.0
331,91,300.0
332,116,250.0
333,81,100.0
334,159,250.0
335,103,100.0
336,78,100.0
337,74,100.0
338,76,50.0
339,83,100.0
340,121,200.0
341,157,400.0
342,146,250.0
343,154,300.0
344,105,150.0
345,90,150.0
346,83,100.0
347,88,150.0
348,80,100.0
349,73,150.0
350,173,300.0
351,135,250.0
352,69,250.0
353,73,200.0
354,79,150.0
355,72,250.0
356,76,100.0
357,76,150.0
358,179,300.0
359,65,150.0
360,65,150.0
361,85,100.0
362,89,150.0
363,72,150.0
364,75,150.0
365,79,150.0
366,108,300.0
367,75,100.0
368,68,150.0
369,87,150.0
370,125,250.0
371,126,200.0
372,194,250.0
373,72,150.0
374,75,150.0
375,65,100.0
376,84,150.0
377,75,100.0
378,111,200.0
379,80,50.0
380,70,100.0
381,142,200.0
382,82,150.0
383,78,150.0
384,67,150.0
385,71,50.0
386,140,100.0
387,74,100.0
388,96,100.0
389,174,250.0
390,75,100.0
391,75,150.0
392,76,50.0
393,65,50.0
394,70,150.0
395,80,100.0
396,85,200.0
397,80,150.0
398,73,100.0
399,75,150.0
400,70,150.0
401,79,100.0
402,202,350.0
403,125,250.0
404,179,400.0
405,115,200.0
406,72,150.0
407,76,100.0
408,75,100.0
409,155,200.0
410,66,50.0
411,113,200.0
412,79,100.0
413,80,100.0
414,75,150.0
415,88,100.0
416,82,100.0
417,74,100.0
418,102,200.0
419,78,200.0
420,78,100.0
421,97,50.0
422,68,150.0
423,82,100.0
424,68,150.0
425,104,100.0
426,69,150.0
427,189,350.0
428,80,100.0
429,70,100.0
430,74,100.0
431,85,100.0
432,161,300.0
433,72,150.0
434,78,100.0
435,79,100.0
436,255,450.0
437,175,200.0
438,127,150.0
439,78,100.0
440,67,100.0
441,142,250.0
442,100,150.0
443,76,50.0
444,134,300.0
445,81,100.0
446,70,100.0
447,83,100.0
448,78,50.0
449,103,200.0
450,72,100.0
451,74,150.0
452,76,200.0
453,74,200.0
454,71,200.0
455,81,250.0
456,70,100.0
457,127,200.0
458,71,100.0
459,71,150.0
460,95,100.0
461,102,200.0
462,171,250.0
463,147,150.0
464,79,100.0
465,77,100.0
466,74,100.0
467,109,150.0
468,146,350.0
469,94,100.0
470,144,200.0
471,75,150.0
472,178,200.0
473,80,100.0
474,69,100.0
475,96,100.0
476,97,250.0
477,77,250.0
478,133,250.0
479,77,100.0
480,120,250.0
481,69,150.0
482,78,100.0
483,76,200.0
484,73,150.0
485,92,200.0
486,81,100.0
487,119,150.0
488,74,150.0
489,85,150.0
490,69,150.0
491,68,100.0
492,76,150.0
493,79,150.0
494,113,150.0
495,113,150.0
496,72,50.0
497,90,150.0
498,83,150.0
499,88,50.0
500,74,150.0
501,102,300.0
502,89,150.0
503,125,150.0
504,83,100.0
505,112,300.0
506,85,100.0
507,78,100.0
508,75,300.0
509,77,150.0
510,148,200.0
511,85,150.0
512,179,400.0
513,195,500.0
514,152,250.0
515,64,150.0
516,117,150.0
517,65,200.0
518,118,300.0
519,92,200.0
520,67,100.0
521,147,150.0
522,80,200.0
523,75,100.0
524,68,150.0
525,171,250.0
526,193,350.0
527,189,250.0
528,108,200.0
529,132,300.0
530,177,250.0
531,77,150.0
532,68,150.0
533,147,250.0
534,72,100.0
535,79,100.0
536,76,150.0
537,68,150.0
538,75,100.0
539,94,200.0
540,188,350.0
541,80,100.0
542,84,150.0
543,74,150.0
544,134,300.0
545,130,150.0
546,76,150.0
547,169,350.0
548,79,150.0
549,71,150.0
550,79,200.0
551,157,400.0
552,126,200.0
553,74,50.0
554,70,150.0
555,114,200.0
556,202,350.0
557,80,100.0
558,105,150.0
559,80,100.0
560,83,150.0
561,75,150.0
562,81,150.0
563,174,200.0
564,74,150.0
565,171,350.0
566,78,200.0
567,80,200.0
568,102,250.0
569,73,150.0
570,99,150.0
571,92,150.0
572,76,100.0
573,105,150.0
574,77,250.0
575,70,150.0
576,83,200.0
577,79,200.0
578,149,250.0
579,117,250.0
580,78,200.0
581,68,200.0
582,113,250.0
583,86,150.0
584,66,50.0
585,64,100.0
586,81,150.0
587,117,150.0
588,73,100.0
589,118,100.0
590,89,200.0
591,118,200.0
592,212,300.0
593,77,150.0
594,70,150.0
595,73,200.0
596,79,100.0
597,80,150.0
598,81,150.0
599,70,150.0
600,86,150.0
601,79,150.0
602,79,50.0
603,158,300.0
604,120,250.0
605,90,150.0
606,74,50.0
607,68,50.0
608,142,300.0
609,74,150.0
610,73,100.0
611,77,200.0
612,89,100.0
613,83,150.0
614,86,250.0
615,146,400.0
616,182,350.0
617,71,200.0
618,72,150.0
619,77,150.0
620,76,100.0
621,90,200.0
622,74,200.0
623,107,200.0
624,95,200.0
625,88,250.0
626,85,200.0
627,114,150.0
628,153,350.0
629,95,100.0
630,71,100.0
631,187,400.0
632,78,150.0
633,112,250.0
634,175,300.0
635,89,150.0
636,125,100.0
637,122,200.0
638,78,150.0
639,77,150.0
640,81,150.0
641,86,150.0
642,74,100.0
643,89,150.0
644,79,150.0
645,64,150.0
646,69,100.0
647,76,300.0
648,165,350.0
649,90,100.0
650,92,100.0
651,112,200.0
652,108,150.0
653,118,200.0
654,124,150.0
655,157,400.0
656,71,100.0
657,70,200.0
658,70,150.0
659,157,200.0
660,136,250.0
661,80,200.0
662,77,250.0
663,90,100.0
664,76,50.0
665,77,50.0
666,72,100.0
667,82,100.0
668,217,350.0
669,120,250.0
670,92,250.0
671,83,250.0
672,73,100.0
673,73,150.0
674,76,150.0
675,91,250.0
676,85,200.0
677,106,200.0
678,110,200.0
679,75,100.0
680,104,100.0
681,73,50.0
682,160,150.0
683,74,150.0
684,156,250.0
685,82,100.0
686,282,700.0
687,246,600.0
688,77,100.0
689,183,400.0
690,131,150.0
691,74,100.0
692,164,300.0
693,88,150.0
694,88,250.0
695,77,200.0
696,82,100.0
697,111,250.0
698,78,50.0
699,78,100.0
700,86,100.0
701,77,150.0
702,83,150.0
703,68,150.0
704,133,350.0
705,143,150.0
706,71,150.0
707,73,150.0
708,87,200.0
709,72,100.0
710,109,300.0
711,79,100.0
712,82,200.0
713,107,200.0
714,76,100.0
715,77,150.0
716,74,150.0
717,112,250.0
718,156,200.0
719,146,150.0
720,69,50.0
721,114,200.0
722,156,300.0
723,125,250.0
724,81,100.0
725,74,150.0
726,69,100.0
727,67,200.0
728,82,150.0
729,107,150.0
730,119,300.0
731,88,150.0
732,74,150.0
733,69,150.0
734,74,100.0
735,120,300.0
736,74,200.0
737,77,200.0
738,144,300.0
739,71,100.0
740,82,150.0
741,73,150.0
742,118,150.0
743,117,300.0
744,72,150.0
745,74,150.0
746,74,100.0
747,142,200.0
748,73,100.0
749,76,150.0
750,81,200.0
751,89,200.0
752,136,250.0
753,124,150.0
754,154,250.0
755,85,150.0
756,181,350.0
757,73,150.0
758,87,200.0
759,153,400.0
760,129,250.0
761,94,100.0
762,88,100.0
763,105,200.0
764,136,250.0
765,279,400.0
766,69,100.0
767,74,150.0
768,157,400.0
769,107,200.0
770,73,150.0
771,146,250.0
772,80,150.0
773,87,200.0
774,75,100.0
775,142,200.0
776,69,100.0
777,77,100.0
778,74,150.0
779,73,100.0
780,84,100.0
781,245,500.0
782,85,100.0
783,82,150.0
784,75,150.0
785,69,150.0
786,79,100.0
787,81,100.0
788,79,150.0
789,73,150.0
790,74,150.0
791,119,250.0
792,80,200.0
793,89,200.0
794,78,200.0
795,79,150.0
796,144,150.0
797,68,250.0
798,89,200.0
799,80,200.0
800,69,200.0
801,154,250.0
802,75,150.0
803,175,200.0
804,95,150.0
805,119,200.0
806,79,100.0
807,76,100.0
808,75,100.0
809,72,100.0
810,72,150.0
811,76,150.0
812,114,150.0
813,88,100.0
814,79,200.0
815,69,150.0
816,72,200.0
817,86,100.0
818,147,300.0
819,70,200.0
820,76,150.0
821,71,150.0
822,89,150.0
823,75,150.0
824,79,150.0
825,79,150.0
826,80,100.0
827,69,150.0
828,80,200.0
829,166,350.0
830,83,150.0
831,76,100.0
832,185,250.0
833,67,150.0
834,79,150.0
835,140,300.0
836,145,250.0
837,119,150.0
838,81,250.0
839,73,250.0
840,69,100.0
841,79,200.0
842,79,200.0
843,125,250.0
844,66,100.0
845,77,100.0
846,80,250.0
847,153,450.0
848,84,150.0
849,78,200.0
850,118,300.0
851,145,250.0
852,78,150.0
853,120,300.0
854,78,150.0
855,69,150.0
856,219,500.0
857,89,150.0
858,74,100.0
859,80,150.0
860,129,250.0
861,75,150.0
862,121,150.0
863,73,150.0
864,83,100.0
865,91,200.0
866,86,150.0
867,75,100.0
868,74,100.0
869,71,200.0
870,65,150.0
871,150,350.0
872,72,200.0
873,94,150.0
874,74,150.0
875,141,250.0
876,118,250.0
877,180,350.0
878,79,100.0
879,84,100.0
880,120,150.0
881,70,150.0
882,86,100.0
883,70,250.0
884,68,150.0
885,76,150.0
886,72,200.0
887,75,200.0
888,84,150.0
889,75,100.0
890,111,250.0
891,126,300.0
892,77,100.0
893,114,150.0
894,191,400.0
895,74,200.0
896,83,150.0
897,89,100.0
898,148,300.0
899,81,100.0
900,64,200.0
901,73,100.0
902,95,200.0
903,107,200.0
904,91,200.0
905,68,100.0
906,92,150.0
907,127,100.0
908,120,300.0
909,77,150.0
910,215,400.0
911,81,200.0
912,72,200.0
913,218,500.0
914,136,300.0
915,65,150.0
916,83,200.0
917,172,200.0
918,104,200.0
919,120,200.0
920,181,300.0
921,91,150.0
922,84,150.0
923,83,250.0
924,72,150.0
925,77,150.0
926,76,50.0
927,106,200.0
928,90,200.0
929,83,150.0
930,108,200.0
931,75,100.0
932,71,100.0
933,80,150.0
934,168,350.0
935,123,250.0
936,71,150.0
937,82,150.0
938,80,150.0
939,87,200.0
940,87,150.0
941,76,100.0
942,82,200.0
943,152,300.0
944,79,100.0
945,79,150.0
946,70,150.0
947,79,150.0
948,148,400.0
949,80,150.0
950,144,300.0
951,92,250.0
952,116,150.0
953,74,150.0
954,81,200.0
955,71,100.0
956,76,100.0
957,73,200.0
958,72,200.0
959,84,200.0
960,82,150.0
961,73,200.0
962,88,250.0
963,110,200.0
964,86,200.0
965,68,250.0
966,96,200.0
967,182,450.0
968,178,450.0
969,80,100.0
970,72,150.0
971,71,200.0
972,185,350.0
973,77,150.0
974,252,500.0
975,113,250.0
976,71,100.0
977,73,150.0
978,77,100.0
979,123,150.0
980,237,600.0
981,75,150.0
982,75,100.0
983,160,450.0
984,105,200.0
985,69,150.0
986,75,150.0
987,109,300.0
988,94,150.0
989,78,200.0
990,86,200.0
991,153,250.0
992,126,250.0
993,191,400.0
994,122,250.0
995,73,150.0
996,75,150.0
997,215,450.0
998,71,150.0
999,161,350.0
1000,79,200.0
1001,124,250.0
1002,72,150.0
1003,80,200.0
1004,82,150.0
1005,122,200.0
1006,68,200.0
1007,74,150.0
1008,76,200.0
1009,78,200.0
1010,76,200.0
1011,207,400.0
1012,79,100.0
1013,83,200.0
1014,108,250.0
1015,106,200.0
1016,76,100.0
1017,80,200.0
1018,102,200.0
1019,113,150.0
1020,210,300.0
1021,120,200.0
1022,82,250.0
1023,75,100.0
1024,86,150.0
1025,145,400.0
1026,74,150.0
1027,88,150.0
1028,68,200.0
1029,68,150.0
1030,72,200.0
1031,125,250.0
1032,72,250.0
1033,94,200.0
1034,117,200.0
1035,71,100.0
1036,78,100.0
1037,194,300.0
1038,72,150.0
1039,77,200.0
1040,103,250.0
1041,67,200.0
1042,81,150.0
1043,81,100.0
1044,136,300.0
1045,77,150.0
1046,93,200.0
1047,240,500.0
1048,87,100.0
1049,120,250.0
1050,77,150.0
1051,72,150.0
1052,75,200.0
1053,81,200.0
1054,85,100.0
1055,83,150.0
1056,114,200.0
1057,175,350.0
1058,80,150.0
1059,103,150.0
1060,127,150.0
1061,95,150.0
1062,71,150.0
1063,68,150.0
1064,80,200.0
1065,72,150.0
1066,79,200.0
1067,72,200.0
1068,66,150.0
1069,66,150.0
1070,81,200.0
1071,77,150.0
1072,114,250.0
1073,85,200.0
1074,81,150.0
1075,70,200.0
1076,70,150.0
1077,74,100.0
1078,153,250.0
1079,91,200.0
1080,86,200.0
1081,82,200.0
1082,81,200.0
1083,93,200.0
1084,69,100.0
1085,137,250.0
1086,161,300.0
1087,76,200.0
1088,87,100.0
1089,90,150.0
1090,65,150.0
1091,86,150.0
1092,178,550.0
1093,78,200.0
1094,120,200.0
1095,76,100.0
1096,121,200.0
1097,118,300.0
1098,63,150.0
1099,76,150.0
1100,72,150.0
1101,117,250.0
1102,78,200.0
1103,89,150.0
1104,80,200.0
1105,137,200.0
1106,75,150.0
1107,209,450.0
1108,89,150.0
1109,84,150.0
1110,255,500.0
1111,73,150.0
1112,72,250.0
1113,121,150.0
1114,121,300.0
1115,178,300.0
1116,134,350.0
1117,82,250.0
1118,86,150.0
1119,148,300.0
1120,78,150.0
1121,81,150.0
1122,72,200.0
1123,108,250.0
1124,77,200.0
1125,138,300.0
1126,112,250.0
1127,117,200.0
1128,180,300.0
1129,159,500.0
1130,254,550.0
1131,94,100.0
1132,143,200.0
1133,141,150.0
1134,263,550.0
1135,76,100.0
1136,78,250.0
1137,206,350.0
1138,73,150.0
1139,72,200.0
1140,96,150.0
1141,65,300.0
1142,168,250.0
1143,128,250.0
1144,77,200.0
1145,88,250.0
1146,73,200.0
1147,79,150.0
1148,154,400.0
1149,116,200.0
1150,118,250.0
1151,79,150.0
1152,161,200.0
1153,64,100.0
1154,166,250.0
1155,80,200.0
1156,90,200.0
1157,73,100.0
1158,80,200.0
1159,79,250.0
1160,72,200.0
1161,78,150.0
1162,142,200.0
1163,124,250.0
1164,107,250.0
1165,76,150.0
1166,126,300.0
1167,87,200.0
1168,75,150.0
1169,76,250.0
1170,83,250.0
1171,90,150.0
1172,88,200.0
1173,70,150.0
1174,75,200.0
1175,108,250.0
1176,76,150.0
1177,94,200.0
1178,190,550.0
1179,151,400.0
1180,77,150.0
1181,102,200.0
1182,149,300.0
1183,75,150.0
1184,141,300.0
1185,71,250.0
1186,89,200.0
1187,71,200.0
1188,126,200.0
1189,71,200.0
1190,77,200.0
1191,180,500.0
1192,83,150.0
1193,151,350.0
1194,143,200.0
1195,138,300.0
1196,79,100.0
1197,86,150.0
1198,66,150.0
1199,77,150.0
1200,114,350.0
1201,289,700.0
1202,83,150.0
1203,70,200.0
1204,77,250.0
1205,69,200.0
1206,78,200.0
1207,75,200.0
1208,306,600.0
1209,134,250.0
1210,153,300.0
1211,76,200.0
1212,69,150.0
1213,75,200.0
1214,76,150.0
1215,75,100.0
1216,78,200.0
1217,80,150.0
1218,81,250.0
1219,172,450.0
1220,153,400.0
1221,75,200.0
1222,66,250.0
1223,84,250.0
1224,77,200.0
1225,108,250.0
1226,117,200.0
1227,131,200.0
1228,141,250.0
1229,83,200.0
1230,179,500.0
1231,78,150.0
1232,71,250.0
1233,75,200.0
1234,108,250.0
1235,72,200.0
1236,75,100.0
1237,170,400.0
1238,75,150.0
1239,65,200.0
1240,119,250.0
1241,78,200.0
1242,142,250.0
1243,72,250.0
1244,160,300.0
1245,69,250.0
1246,182,500.0
1247,123,200.0
1248,129,250.0
1249,76,150.0
1250,108,150.0
1251,78,100.0
1252,79,200.0
1253,149,250.0
1254,79,150.0
1255,184,350.0
1256,112,200.0
1257,81,250.0
1258,75,200.0
1259,118,200.0
1260,123,250.0
1261,77,150.0
1262,93,150.0
1263,72,150.0
1264,151,200.0
1265,75,250.0
1266,90,150.0
1267,102,250.0
1268,74,200.0
1269,74,100.0
1270,65,100.0
1271,74,150.0
1272,74,150.0
1273,181,400.0
1274,154,450.0
1275,73,250.0
1276,103,250.0
1277,67,250.0
1278,85,150.0
1279,178,300.0
1280,69,100.0
1281,81,150.0
1282,230,600.0
1283,75,100.0
1284,81,150.0
1285,158,450.0
1286,188,450.0
1287,94,150.0
1288,78,200.0
1289,72,250.0
1290,76,100.0
1291,87,150.0
1292,117,200.0
1293,71,150.0
1294,70,200.0
1295,63,200.0
1296,79,200.0
1297,79,150.0
1298,70,50.0
1299,211,400.0
1300,81,150.0
1301,75,100.0
1302,67,200.0
1303,108,200.0
1304,108,250.0
1305,171,450.0
1306,84,300.0
1307,80,200.0
1308,81,200.0
1309,109,150.0
1310,69,200.0
1311,74,150.0
1312,88,150.0
1313,89,200.0
1314,82,250.0
1315,81,150.0
1316,83,100.0
1317,74,150.0
1318,142,150.0
1319,75,150.0
1320,77,200.0
1321,70,250.0
1322,111,300.0
1323,68,250.0
1324,64,150.0
1325,86,250.0
1326,136,350.0
1327,89,100.0
1328,99,200.0
1329,76,150.0
1330,64,50.0
1331,87,200.0
1332,91,250.0
1333,179,400.0
1334,69,250.0
1335,102,150.0
1336,69,150.0
1337,117,350.0
1338,215,550.0
1339,68,200.0
1340,72,150.0
1341,90,250.0
1342,105,200.0
1343,82,150.0
1344,69,150.0
1345,77,250.0
1346,87,150.0
1347,80,200.0
1348,71,250.0
1349,93,250.0
1350,66,200.0
1351,74,200.0
1352,172,550.0
1353,81,150.0
1354,75,50.0
1355,76,200.0
1356,74,150.0
1357,70,150.0
1358,76,200.0
1359,79,100.0
1360,72,150.0
1361,78,250.0
1362,75,150.0
1363,174,500.0
1364,114,200.0
1365,72,150.0
1366,80,250.0
1367,72,200.0
1368,83,150.0
1369,65,200.0
1370,75,150.0
1371,148,450.0
1372,135,300.0
1373,74,200.0
1374,136,300.0
1375,79,200.0
1376,133,350.0
1377,70,200.0
1378,66,200.0
1379,76,150.0
1380,69,300.0
1381,85,250.0
1382,240,400.0
1383,69,200.0
1384,178,500.0
1385,145,400.0
1386,187,450.0
1387,70,150.0
1388,206,500.0
1389,68,150.0
1390,188,250.0
1391,102,250.0
1392,141,300.0
1393,113,250.0
1394,78,150.0
1395,122,300.0
1396,91,100.0
1397,131,250.0
1398,78,200.0
1399,135,250.0
1400,88,200.0
1401,81,200.0
1402,149,400.0
1403,140,250.0
1404,76,250.0
1405,122,250.0
1406,85,200.0
1407,140,300.0
1408,91,200.0
1409,111,200.0
1410,103,200.0
1411,77,150.0
1412,150,450.0
1413,72,200.0
1414,89,150.0
1415,80,200.0
1416,69,250.0
1417,77,200.0
1418,68,200.0
1419,79,200.0
1420,135,200.0
1421,95,200.0
1422,81,200.0
1423,72,100.0
1424,165,250.0
1425,127,300.0
1426,72,200.0
1427,74,200.0
1428,66,200.0
1429,138,300.0
1430,83,150.0
1431,69,250.0
1432,71,200.0
1433,189,450.0
1434,81,200.0
1435,83,250.0
1436,76,200.0
1437,104,300.0
1438,66,250.0
1439,218,500.0
1440,90,200.0
1441,73,250.0
1442,87,150.0
1443,125,250.0
1444,77,150.0
1445,112,200.0
1446,79,150.0
1447,92,150.0
1448,142,200.0
1449,105,200.0
1450,171,350.0
1451,78,200.0
1452,68,200.0
1453,74,150.0
1454,71,100.0
1455,70,300.0
1456,105,250.0
1457,68,150.0
1458,76,150.0
1459,109,200.0
1460,134,200.0
1461,162,400.0
1462,128,200.0
1463,82,100.0
1464,145,250.0
1465,76,100.0
1466,75,150.0
1467,260,700.0
1468,72,150.0
1469,80,150.0
1470,79,200.0
1471,126,300.0
1472,71,250.0
1473,78,100.0
1474,68,200.0
1475,93,150.0
1476,111,300.0
1477,74,200.0
1478,65,200.0
1479,71,150.0
1480,119,250.0
1481,92,100.0
1482,75,150.0
1483,144,200.0
1484,70,250.0
1485,108,200.0
1486,242,650.0
1487,71,200.0
1488,73,100.0
1489,70,200.0
1490,72,100.0
1491,74,200.0
1492,81,150.0
1493,75,150.0
1494,71,150.0
1495,70,150.0
1496,126,300.0
1497,83,150.0
1498,144,350.0
1499,71,200.0
1500,114,300.0
1501,78,100.0
1502,79,200.0
1503,155,300.0
1504,143,300.0
1505,245,600.0
1506,107,300.0
1507,180,500.0
1508,99,250.0
1509,178,550.0
1510,177,400.0
1511,65,250.0
1512,64,250.0
1513,69,250.0
1514,70,250.0
1515,149,250.0
1516,75,200.0
1517,83,150.0
1518,67,200.0
1519,145,350.0
1520,78,200.0
1521,89,200.0
1522,81,250.0
1523,65,250.0
1524,82,250.0
1525,70,150.0
1526,90,250.0
1527,65,250.0
1528,100,250.0
1529,176,400.0
1530,72,150.0
1531,79,300.0
1532,66,200.0
1533,168,350.0
1534,157,300.0
1535,176,450.0
1536,85,200.0
1537,194,350.0
1538,91,150.0
1539,111,200.0
1540,74,150.0
1541,127,250.0
1542,80,200.0
1543,130,250.0
1544,92,150.0
1545,70,200.0
1546,88,200.0
1547,111,200.0
1548,75,100.0
1549,127,300.0
1550,117,250.0
1551,93,150.0
1552,84,300.0
1553,91,250.0
1554,70,200.0
1555,72,100.0
1556,95,150.0
1557,107,300.0
1558,124,250.0
1559,144,400.0
1560,177,400.0
1561,106,250.0
1562,159,400.0
1563,85,200.0
1564,170,400.0
1565,78,200.0
1566,137,250.0
1567,135,200.0
1568,65,200.0
1569,75,250.0
1570,88,100.0
1571,69,100.0
1572,78,150.0
1573,69,200.0
1574,166,450.0
1575,71,200.0
1576,75,300.0
1577,248,550.0
1578,121,250.0
1579,136,250.0
1580,168,400.0
1581,69,150.0
1582,71,150.0
1583,73,200.0
1584,73,200.0
1585,69,150.0
1586,71,150.0
1587,78,200.0
1588,83,300.0
1589,88,200.0
1590,146,300.0
1591,152,250.0
1592,73,150.0
1593,174,300.0
1594,68,150.0
1595,181,500.0
1596,138,250.0
1597,187,350.0
1598,119,250.0
1599,104,150.0
1600,75,100.0
1601,149,250.0
1602,84,250.0
1603,71,200.0
1604,128,350.0
1605,74,100.0
1606,75,100.0
1607,177,450.0
1608,151,350.0
1609,83,150.0
1610,76,150.0
1611,77,150.0
1612,88,300.0
1613,123,250.0
1614,79,250.0
1615,145,250.0
1616,78,150.0
1617,119,250.0
1618,66,100.0
1619,143,350.0
1620,76,100.0
1621,123,250.0
1622,77,250.0
1623,80,200.0
1624,86,150.0
1625,77,250.0
1626,86,250.0
1627,80,150.0
1628,88,200.0
1629,148,350.0
1630,76,200.0
1631,81,100.0
1632,70,150.0
1633,90,150.0
1634,243,600.0
1635,82,200.0
1636,72,200.0
1637,165,500.0
1638,149,250.0
1639,90,300.0
1640,79,200.0
1641,70,250.0
1642,68,200.0
1643,191,300.0
1644,69,200.0
1645,89,250.0
1646,83,150.0
1647,116,300.0
1648,182,400.0
1649,84,200.0
1650,77,200.0
1651,68,250.0
1652,162,400.0
1653,75,250.0
1654,139,400.0
1655,67,200.0
1656,117,250.0
1657,70,200.0
1658,65,200.0
1659,66,200.0
1660,118,150.0
1661,80,150.0
1662,171,300.0
1663,145,400.0
1664,80,250.0
1665,118,200.0
1666,83,150.0
1667,140,250.0
1668,80,50.0
1669,77,300.0
1670,83,200.0
1671,70,200.0
1672,120,300.0
1673,260,650.0
1674,65,150.0
1675,102,150.0
1676,137,250.0
1677,75,300.0
1678,71,200.0
1679,80,200.0
1680,256,650.0
1681,76,200.0
1682,113,150.0
1683,130,350.0
1684,69,150.0
1685,129,400.0
1686,199,600.0
1687,94,350.0
1688,148,250.0
1689,81,300.0
1690,72,250.0
1691,68,200.0
1692,85,200.0
1693,88,200.0
1694,92,250.0
1695,152,400.0
1696,158,450.0
1697,150,350.0
1698,218,450.0
1699,87,250.0
1700,80,200.0
1701,69,150.0
1702,78,200.0
1703,70,200.0
1704,89,200.0
1705,80,100.0
1706,93,150.0
1707,81,250.0
1708,84,250.0
1709,116,250.0
1710,178,500.0
1711,82,250.0
1712,86,250.0
1713,64,250.0
1714,69,250.0
1715,82,150.0
1716,172,600.0
1717,64,200.0
1718,165,450.0
1719,167,500.0
1720,87,150.0
1721,265,600.0
1722,78,200.0
1723,89,250.0
1724,89,200.0
1725,95,250.0
1726,121,150.0
1727,74,200.0
1728,82,200.0
1729,154,350.0
1730,125,300.0
1731,83,200.0
1732,111,200.0
1733,96,250.0
1734,163,450.0
1735,82,200.0
1736,130,300.0
1737,137,300.0
1738,85,100.0
1739,114,150.0
1740,83,200.0
1741,92,250.0
1742,264,700.0
1743,126,250.0
1744,83,250.0
1745,114,200.0
1746,78,100.0
1747,89,200.0
1748,71,250.0
1749,152,350.0
1750,92,200.0
1751,81,200.0
1752,246,600.0
1753,80,150.0
1754,68,250.0
1755,93,200.0
1756,66,200.0
1757,90,200.0
1758,102,300.0
1759,73,200.0
1760,251,750.0
1761,164,450.0
1762,144,200.0
1763,70,350.0
1764,183,500.0
1765,91,200.0
1766,79,200.0
1767,82,300.0
1768,95,250.0
1769,73,250.0
1770,188,400.0
1771,208,350.0
1772,140,200.0
1773,77,200.0
1774,79,150.0
1775,72,150.0
1776,70,250.0
1777,77,150.0
1778,144,300.0
1779,70,250.0
1780,129,250.0
1781,311,750.0
1782,92,200.0
1783,72,150.0
1784,64,200.0
1785,105,300.0
1786,87,250.0
1787,76,200.0
1788,67,150.0
1789,139,300.0
1790,156,350.0
1791,80,200.0
1792,119,200.0
1793,84,200.0
1794,89,300.0
1795,82,150.0
1796,124,300.0
1797,80,200.0
1798,206,450.0
1799,71,100.0
1800,274,700.0
1801,70,200.0
1802,391,950.0
1803,75,150.0
1804,78,250.0
1805,81,200.0
1806,90,200.0
1807,157,300.0
1808,87,150.0
1809,114,200.0
1810,175,550.0
1811,185,400.0
1812,92,200.0
1813,84,200.0
1814,77,200.0
1815,95,200.0
1816,74,150.0
1817,79,250.0
1818,395,650.0
1819,81,200.0
1820,90,200.0
1821,83,200.0
1822,94,200.0
1823,72,150.0
1824,69,300.0
1825,71,200.0
1826,68,300.0
1827,166,350.0
1828,120,250.0
1829,169,400.0
1830,89,200.0
1831,84,150.0
1832,136,250.0
1833,106,350.0
1834,107,300.0
1835,87,200.0
1836,86,300.0
1837,110,300.0
1838,192,500.0
1839,139,300.0
1840,78,250.0
1841,116,350.0
1842,70,200.0
1843,70,250.0
1844,77,200.0
1845,69,200.0
1846,153,250.0
1847,72,100.0
1848,75,150.0
1849,109,250.0
1850,81,200.0
1851,70,250.0
1852,180,500.0
1853,125,300.0
1854,138,300.0
1855,159,300.0
1856,76,150.0
1857,109,250.0
1858,71,150.0
1859,146,450.0
1860,75,200.0
1861,80,250.0
1862,177,400.0
1863,78,250.0
1864,74,150.0
1865,69,150.0
1866,79,200.0
1867,69,250.0
1868,80,250.0
1869,109,250.0
1870,132,300.0
1871,94,200.0
1872,88,250.0
1873,74,200.0
1874,149,400.0
1875,75,200.0
1876,77,150.0
1877,79,250.0
1878,179,500.0
1879,91,200.0
1880,72,200.0
1881,72,200.0
1882,79,200.0
1883,69,250.0
1884,68,150.0
1885,140,300.0
1886,92,200.0
1887,78,150.0
1888,74,150.0
1889,158,350.0
1890,74,250.0
1891,77,150.0
1892,76,200.0
1893,64,300.0
1894,80,150.0
1895,82,250.0
1896,73,200.0
1897,79,200.0
1898,72,200.0
1899,68,150.0
1900,129,300.0
1901,68,250.0
1902,73,250.0
1903,84,150.0
1904,102,250.0
1905,177,350.0
1906,87,250.0
1907,168,450.0
1908,145,300.0
1909,76,200.0
1910,343,750.0
1911,76,200.0
1912,138,350.0
1913,124,200.0
1914,263,600.0
1915,84,250.0
1916,92,250.0
1917,113,350.0
1918,102,300.0
1919,178,400.0
1920,65,200.0
1921,87,250.0
1922,123,250.0
1923,78,100.0
1924,66,200.0
1925,101,250.0
1926,78,250.0
1927,70,200.0
1928,115,300.0
1929,80,150.0
1930,75,150.0
1931,65,250.0
1932,80,150.0
1933,153,350.0
1934,66,250.0
1935,77,350.0
1936,178,450.0
1937,93,250.0
1938,139,300.0
1939,103,200.0
1940,153,350.0
1941,68,150.0
1942,82,150.0
1943,218,550.0
1944,70,250.0
1945,73,300.0
1946,108,250.0
1947,65,150.0
1948,183,400.0
1949,86,200.0
1950,111,300.0
1951,87,250.0
1952,147,300.0
1953,66,200.0
1954,66,200.0
1955,85,100.0
1956,82,200.0
1957,170,500.0
1958,77,200.0
1959,152,300.0
1960,241,450.0
1961,68,150.0
1962,72,200.0
1963,70,250.0
1964,69,200.0
1965,138,300.0
1966,152,450.0
1967,88,200.0
1968,78,200.0
1969,67,300.0
1970,105,200.0
1971,101,250.0
1972,66,250.0
1973,180,600.0
1974,142,350.0
1975,69,200.0
1976,191,450.0
1977,69,250.0
1978,67,200.0
1979,84,200.0
1980,77,200.0
1981,78,300.0
1982,68,300.0
1983,69,200.0
1984,69,150.0
1985,88,200.0
1986,75,100.0
1987,67,250.0
1988,132,250.0
1989,129,250.0
1990,80,250.0
1991,70,250.0
1992,118,200.0
1993,70,200.0
1994,145,450.0
1995,141,300.0
1996,75,250.0
1997,70,200.0
1998,77,100.0
1999,74,250.0
2000,73,200.0
2001,125,350.0
2002,68,200.0
2003,105,150.0
2004,178,450.0
2005,85,250.0
2006,150,300.0
2007,77,250.0
2008,67,250.0
2009,66,150.0
2010,88,150.0
2011,172,600.0
2012,95,200.0
2013,189,500.0
2014,250,700.0
2015,312,900.0
2016,75,150.0
2017,194,500.0
2018,74,300.0
2019,118,200.0
2020,79,250.0
2021,82,300.0
2022,72,200.0
2023,160,350.0
2024,80,100.0
2025,161,350.0
2026,70,300.0
2027,78,200.0
2028,67,150.0
2029,70,250.0
2030,132,300.0
2031,84,200.0
2032,74,250.0
2033,93,250.0
2034,85,250.0
2035,131,250.0
2036,85,150.0
2037,175,400.0
2038,68,300.0
2039,71,300.0
2040,70,50.0
2041,93,200.0
2042,153,400.0
2043,82,150.0
2044,129,200.0
2045,70,200.0
2046,82,200.0
2047,107,250.0
2048,190,450.0
2049,77,250.0
2050,76,250.0
2051,89,200.0
2052,72,200.0
2053,85,200.0
2054,73,250.0
2055,95,200.0
2056,80,200.0
2057,270,600.0
2058,113,200.0
2059,107,200.0
2060,82,200.0
2061,72,250.0
2062,74,200.0
2063,132,350.0
2064,73,250.0
2065,82,200.0
2066,84,250.0
2067,86,250.0
2068,72,200.0
2069,150,400.0
2070,65,200.0
2071,145,250.0
2072,84,200.0
2073,111,350.0
2074,136,250.0
2075,78,200.0
2076,82,250.0
2077,162,500.0
2078,73,200.0
2079,77,200.0
2080,92,250.0
2081,111,200.0
2082,76,250.0
2083,76,150.0
2084,81,150.0
2085,66,200.0
2086,112,250.0
2087,83,300.0
2088,90,200.0
2089,94,250.0
2090,101,100.0
2091,74,200.0
2092,106,200.0
2093,74,250.0
2094,71,150.0
2095,208,500.0
2096,161,250.0
2097,76,200.0
2098,320,850.0
2099,129,350.0
2100,227,500.0
2101,155,300.0
2102,76,250.0
2103,76,200.0
2104,80,300.0
2105,242,550.0
2106,90,300.0
2107,141,300.0
2108,156,350.0
2109,151,350.0
2110,128,300.0
2111,68,250.0
2112,78,200.0
2113,86,200.0
2114,148,350.0
2115,117,250.0
2116,141,350.0
2117,72,150.0
2118,98,350.0
2119,83,250.0
2120,87,250.0
2121,79,200.0
2122,194,550.0
2123,64,200.0
2124,90,250.0
2125,89,300.0
2126,91,250.0
2127,72,200.0
2128,130,350.0
2129,165,500.0
2130,82,200.0
2131,83,250.0
2132,121,200.0
2133,82,150.0
2134,163,500.0
2135,84,250.0
2136,132,300.0
2137,189,450.0
2138,93,250.0
2139,172,500.0
2140,162,450.0
2141,89,250.0
2142,159,500.0
2143,75,150.0
2144,193,500.0
2145,70,250.0
2146,116,250.0
2147,146,350.0
2148,121,250.0
2149,70,200.0
2150,73,100.0
2151,71,200.0
2152,76,200.0
2153,159,300.0
2154,153,350.0
2155,154,400.0
2156,95,200.0
2157,75,200.0
2158,90,250.0
2159,121,250.0
2160,170,350.0
2161,81,200.0
2162,76,250.0
2163,95,250.0
2164,139,300.0
2165,118,300.0
2166,157,350.0
2167,80,250.0
2168,89,300.0
2169,138,250.0
2170,65,150.0
2171,94,200.0
2172,103,250.0
2173,74,200.0
2174,172,400.0
2175,65,200.0
2176,78,250.0
2177,84,250.0
2178,77,200.0
2179,92,200.0
2180,243,800.0
2181,89,250.0
2182,68,300.0
2183,70,200.0
2184,70,250.0
2185,153,300.0
2186,85,200.0
2187,76,150.0
2188,94,200.0
2189,70,250.0
2190,91,300.0
2191,192,600.0
2192,156,400.0
2193,125,250.0
2194,214,550.0
2195,108,250.0
2196,99,150.0
2197,68,150.0
2198,109,300.0
2199,150,350.0
2200,147,300.0
2201,95,200.0
2202,65,150.0
2203,181,550.0
2204,76,200.0
2205,94,250.0
2206,132,200.0
2207,171,450.0
2208,77,150.0
2209,88,300.0
2210,122,250.0
2211,148,350.0
2212,69,200.0
2213,123,200.0
2214,65,200.0
2215,182,350.0
2216,178,400.0
2217,70,200.0
2218,65,250.0
2219,180,500.0
2220,91,250.0
2221,77,350.0
2222,76,250.0
2223,70,300.0
2224,114,250.0
2225,126,350.0
2226,171,500.0
2227,77,150.0
2228,72,200.0
2229,163,200.0
2230,70,250.0
2231,69,200.0
2232,178,500.0
2233,69,200.0
2234,144,250.0
2235,70,200.0
2236,175,400.0
2237,79,200.0
2238,114,300.0
2239,151,400.0
2240,79,350.0
2241,176,400.0
2242,178,550.0
2243,157,400.0
2244,73,150.0
2245,76,150.0
2246,88,250.0
2247,86,100.0
2248,79,250.0
2249,92,250.0
2250,146,350.0
2251,179,450.0
2252,67,200.0
2253,71,250.0
2254,242,700.0
2255,74,200.0
2256,74,200.0
2257,175,350.0
2258,84,300.0
2259,189,350.0
2260,191,550.0
2261,79,150.0
2262,70,200.0
2263,139,250.0
2264,96,300.0
2265,121,200.0
2266,72,150.0
2267,135,350.0
2268,86,200.0
2269,73,250.0
2270,114,300.0
2271,133,300.0
2272,118,200.0
2273,123,300.0
2274,75,150.0
2275,73,150.0
2276,221,400.0
2277,156,350.0
2278,154,350.0
2279,68,200.0
2280,88,250.0
2281,104,350.0
2282,82,200.0
2283,85,250.0
2284,92,250.0
2285,76,200.0
2286,148,250.0
2287,123,200.0
2288,110,300.0
2289,161,250.0
2290,89,300.0
2291,79,50.0
2292,80,250.0
2293,157,400.0
2294,70,350.0
2295,179,550.0
2296,256,750.0
2297,65,150.0
2298,78,150.0
2299,157,250.0
2300,84,250.0
2301,147,350.0
2302,76,250.0
2303,91,200.0
2304,88,150.0
2305,64,250.0
2306,76,250.0
2307,184,400.0
2308,259,700.0
2309,67,200.0
2310,69,250.0
2311,92,250.0
2312,80,250.0
2313,95,200.0
2314,71,250.0
2315,123,250.0
2316,137,300.0
2317,77,200.0
2318,79,200.0
2319,80,200.0
2320,125,350.0
2321,69,250.0
2322,129,300.0
2323,130,250.0
2324,71,150.0
2325,67,200.0
2326,71,250.0
2327,76,250.0
2328,66,200.0
2329,130,350.0
2330,203,400.0
2331,121,250.0
2332,67,150.0
2333,150,350.0
2334,69,250.0
2335,96,200.0
2336,80,200.0
2337,237,450.0
2338,122,350.0
2339,70,300.0
2340,112,300.0
2341,154,350.0
2342,70,250.0
2343,240,650.0
2344,74,200.0
2345,69,250.0
2346,228,650.0
2347,300,700.0
2348,87,250.0
2349,144,350.0
2350,87,150.0
2351,88,200.0
2352,132,350.0
2353,113,250.0
2354,127,350.0
2355,63,250.0
2356,282,750.0
2357,183,500.0
2358,76,150.0
2359,78,250.0
2360,215,450.0
2361,88,200.0
2362,144,350.0
2363,84,200.0
2364,80,200.0
2365,67,200.0
2366,126,300.0
2367,86,250.0
2368,89,250.0
2369,117,250.0
2370,93,200.0
2371,127,250.0
2372,68,200.0
2373,161,450.0
2374,148,350.0
2375,77,200.0
2376,94,250.0
2377,70,150.0
2378,86,300.0
2379,87,200.0
2380,140,300.0
2381,68,200.0
2382,149,500.0
2383,68,250.0
2384,75,200.0
2385,169,450.0
2386,67,200.0
2387,110,200.0
2388,143,350.0
2389,77,200.0
2390,73,200.0
2391,226,500.0
2392,248,600.0
2393,75,200.0
2394,89,200.0
2395,304,850.0
2396,151,450.0
2397,112,250.0
2398,245,700.0
2399,134,250.0
2400,79,150.0
2401,75,250.0
2402,71,200.0
2403,138,300.0
2404,88,250.0
2405,65,200.0
2406,72,150.0
2407,88,250.0
2408,125,350.0
2409,77,250.0
2410,86,200.0
2411,78,200.0
2412,151,300.0
2413,91,250.0
2414,90,150.0
2415,79,200.0
2416,159,400.0
2417,138,300.0
2418,133,350.0
2419,133,300.0
2420,67,150.0
2421,188,500.0
2422,70,250.0
2423,64,250.0
2424,145,450.0
2425,69,200.0
2426,83,250.0
2427,82,100.0
2428,91,250.0
2429,79,250.0
2430,89,250.0
2431,123,300.0
2432,104,300.0
2433,102,250.0
2434,79,200.0
2435,114,250.0
2436,64,250.0
2437,278,900.0
2438,70,200.0
2439,68,200.0
2440,81,200.0
2441,88,250.0
2442,214,600.0
2443,205,550.0
2444,66,150.0
2445,132,200.0
2446,64,200.0
2447,73,200.0
2448,130,250.0
2449,118,250.0
2450,122,250.0
2451,97,250.0
2452,83,250.0
2453,75,200.0
2454,68,200.0
2455,132,250.0
2456,69,250.0
2457,68,250.0
2458,98,350.0
2459,175,350.0
2460,118,200.0
2461,134,350.0
2462,158,450.0
2463,63,200.0
2464,134,250.0
2465,156,350.0
2466,80,150.0
2467,126,250.0
2468,108,300.0
2469,79,250.0
2470,67,250.0
2471,164,500.0
2472,93,250.0
2473,77,200.0
2474,75,150.0
2475,146,550.0
2476,70,150.0
2477,74,100.0
2478,183,400.0
2479,69,200.0
2480,66,250.0
2481,136,350.0
2482,182,500.0
2483,77,200.0
2484,91,300.0
2485,95,200.0
2486,83,250.0
2487,91,250.0
2488,79,250.0
2489,138,350.0
2490,68,150.0
2491,150,350.0
2492,142,300.0
2493,82,150.0
2494,114,250.0
2495,95,250.0
2496,81,200.0
2497,259,500.0
2498,166,450.0
2499,94,250.0
2500,90,300.0
2501,185,450.0
2502,83,200.0
2503,64,250.0
2504,72,150.0
2505,111,300.0
2506,96,200.0
2507,143,300.0
2508,117,300.0
2509,156,400.0
2510,115,250.0
2511,88,150.0
2512,86,200.0
2513,83,200.0
2514,180,250.0
2515,79,200.0
2516,161,300.0
2517,82,200.0
2518,117,300.0
2519,147,350.0
2520,191,350.0
2521,156,150.0
2522,311,700.0
2523,75,200.0
2524,84,250.0
2525,175,450.0
2526,93,200.0
2527,241,550.0
2528,76,250.0
2529,90,200.0
2530,78,200.0
2531,189,350.0
2532,145,300.0
2533,183,350.0
2534,152,350.0
2535,104,250.0
2536,171,400.0
2537,160,400.0
2538,198,450.0
2539,113,200.0
2540,85,200.0
2541,89,100.0
2542,74,250.0
2543,114,300.0
2544,79,250.0
2545,141,300.0
2546,80,250.0
2547,73,250.0
2548,135,350.0
2549,76,250.0
2550,65,250.0
2551,80,200.0
2552,76,250.0
2553,74,200.0
2554,76,200.0
2555,64,250.0
2556,65,150.0
2557,102,200.0
2558,76,200.0
2559,157,450.0
2560,83,200.0
2561,71,250.0
2562,82,200.0
2563,67,200.0
2564,84,200.0
2565,86,200.0
2566,233,650.0
2567,210,450.0
2568,81,300.0
2569,115,250.0
2570,83,200.0
2571,304,750.0
2572,127,300.0
2573,76,300.0
2574,80,350.0
2575,79,200.0
2576,164,450.0
2577,115,250.0
2578,69,200.0
2579,79,250.0
2580,73,250.0
2581,281,600.0
2582,122,250.0
2583,86,250.0
2584,119,250.0
2585,79,150.0
2586,190,450.0
2587,82,200.0
2588,76,200.0
2589,69,250.0
2590,175,450.0
2591,146,250.0
2592,78,250.0
2593,154,350.0
2594,85,50.0
2595,89,200.0
2596,72,50.0
2597,81,300.0
2598,74,150.0
2599,125,250.0
2600,120,200.0
2601,76,250.0
2602,80,200.0
2603,148,350.0
2604,80,200.0
2605,80,300.0
2606,195,450.0
2607,143,450.0
2608,92,300.0
2609,66,200.0
2610,82,200.0
2611,127,250.0
2612,157,350.0
2613,66,200.0
2614,245,500.0
2615,135,300.0
2616,134,400.0
2617,88,250.0
2618,90,300.0
2619,93,250.0
2620,68,200.0
2621,172,350.0
2622,252,650.0
2623,76,250.0
2624,79,200.0
2625,164,500.0
2626,141,300.0
2627,154,400.0
2628,102,250.0
2629,72,300.0
2630,75,250.0
2631,76,250.0
2632,70,300.0
2633,71,200.0
2634,120,350.0
2635,81,100.0
2636,141,300.0
2637,94,200.0
2638,85,200.0
2639,65,250.0
2640,140,300.0
2641,64,300.0
2642,111,250.0
2643,110,350.0
2644,164,400.0
2645,249,450.0
2646,190,400.0
2647,130,350.0
2648,90,250.0
2649,81,200.0
2650,85,150.0
2651,90,250.0
2652,86,300.0
2653,99,300.0
2654,86,250.0
2655,82,200.0
2656,95,250.0
2657,176,450.0
2658,239,500.0
2659,185,400.0
2660,83,200.0
2661,84,250.0
2662,73,200.0
2663,113,300.0
2664,143,250.0
2665,92,300.0
2666,249,450.0
2667,77,250.0
2668,93,150.0
2669,75,200.0
2670,66,200.0
2671,90,250.0
2672,79,200.0
2673,80,150.0
2674,167,350.0
2675,79,200.0
2676,83,200.0
2677,67,200.0
2678,144,300.0
2679,163,400.0
2680,142,250.0
2681,81,300.0
2682,141,300.0
2683,159,350.0
2684,175,500.0
2685,81,250.0
2686,76,200.0
2687,71,200.0
2688,85,250.0
2689,92,150.0
2690,71,250.0
2691,155,350.0
2692,187,350.0
2693,75,250.0
2694,72,300.0
2695,210,350.0
2696,209,550.0
2697,140,250.0
2698,181,550.0
2699,237,600.0
2700,71,350.0
2701,206,450.0
2702,180,550.0
2703,227,650.0
2704,176,600.0
2705,188,550.0
2706,198,500.0
2707,79,250.0
2708,239,500.0
2709,66,200.0
2710,246,600.0
2711,102,300.0
2712,175,450.0
2713,97,250.0
2714,121,250.0
2715,69,200.0
2716,244,650.0
2717,64,250.0
2718,66,300.0
2719,63,200.0
2720,71,150.0
2721,68,150.0
2722,89,150.0
2723,109,300.0
2724,175,350.0
2725,192,500.0
2726,241,650.0
2727,85,300.0
2728,102,350.0
2729,65,200.0
2730,186,500.0
2731,176,400.0
2732,247,550.0
2733,324,650.0
2734,189,550.0
2735,168,550.0
2736,83,200.0
2737,78,200.0
2738,112,300.0
2739,88,250.0
2740,117,200.0
2741,138,400.0
2742,83,300.0
2743,80,300.0
2744,111,250.0
2745,179,550.0
2746,152,400.0
2747,87,200.0
2748,85,350.0
2749,103,250.0
2750,79,200.0
2751,81,150.0
2752,81,250.0
2753,81,250.0
2754,90,250.0
2755,82,300.0
2756,91,350.0
2757,95,350.0
2758,69,150.0
2759,86,200.0
2760,77,200.0
2761,131,350.0
2762,324,650.0
2763,81,200.0
2764,79,150.0
2765,83,200.0
2766,183,300.0
2767,76,200.0
2768,136,250.0
2769,170,500.0
2770,106,350.0
2771,73,150.0
2772,73,250.0
2773,75,250.0
2774,104,300.0
2775,64,250.0
2776,249,700.0
2777,72,250.0
2778,135,300.0
2779,77,200.0
2780,68,250.0
2781,105,300.0
2782,75,250.0
2783,73,300.0
2784,150,300.0
2785,124,250.0
2786,66,250.0
2787,153,350.0
2788,74,200.0
2789,76,200.0
2790,66,200.0
2791,80,200.0
2792,184,600.0
2793,91,250.0
2794,118,250.0
2795,112,250.0
2796,255,550.0
2797,76,250.0
2798,117,250.0
2799,189,600.0
2800,91,200.0
2801,75,200.0
2802,80,300.0
2803,147,300.0
2804,87,150.0
2805,133,300.0
2806,73,250.0
2807,79,250.0
2808,72,200.0
2809,70,300.0
2810,66,200.0
2811,137,250.0
2812,243,550.0
2813,95,250.0
2814,101,200.0
2815,84,250.0
2816,81,200.0
2817,69,250.0
2818,68,200.0
2819,238,750.0
2820,66,150.0
2821,63,300.0
2822,102,300.0
2823,67,150.0
2824,92,250.0
2825,119,300.0
2826,164,450.0
2827,72,300.0
2828,92,250.0
2829,110,250.0
2830,162,300.0
2831,243,650.0
2832,72,250.0
2833,89,250.0
2834,119,250.0
2835,178,400.0
2836,232,450.0
2837,100,250.0
2838,63,250.0
2839,178,400.0
2840,104,250.0
2841,76,250.0
2842,83,300.0
2843,124,250.0
2844,171,450.0
2845,94,200.0
2846,168,300.0
2847,169,500.0
2848,82,150.0
2849,143,350.0
2850,82,250.0
2851,115,200.0
2852,136,250.0
2853,172,450.0
2854,78,200.0
2855,167,350.0
2856,87,200.0
2857,240,650.0
2858,156,500.0
2859,75,200.0
2860,69,200.0
2861,93,200.0
2862,77,250.0
2863,69,150.0
2864,64,200.0
2865,156,550.0
2866,105,350.0
2867,80,200.0
2868,64,200.0
2869,105,300.0
2870,88,250.0
2871,146,250.0
2872,124,300.0
2873,91,300.0
2874,176,400.0
2875,65,250.0
2876,170,500.0
2877,71,200.0
2878,67,250.0
2879,118,300.0
2880,238,700.0
2881,71,200.0
2882,67,250.0
2883,80,100.0
2884,74,300.0
2885,67,250.0
2886,80,150.0
2887,129,300.0
2888,66,300.0
2889,65,200.0
2890,181,550.0
2891,144,300.0
2892,65,300.0
2893,87,250.0
2894,67,200.0
2895,117,300.0
2896,149,350.0
2897,236,600.0
2898,88,200.0
2899,64,250.0
2900,165,350.0
2901,150,450.0
2902,105,300.0
2903,88,250.0
2904,79,200.0
2905,82,200.0
2906,122,300.0
2907,142,250.0
2908,77,300.0
2909,90,200.0
2910,150,450.0
2911,63,200.0
2912,192,350.0
2913,181,550.0
2914,118,200.0
2915,81,150.0
2916,72,250.0
2917,256,550.0
2918,129,300.0
2919,100,350.0
2920,154,400.0
2921,80,250.0
2922,76,200.0
2923,71,350.0
2924,142,350.0
2925,178,500.0
2926,70,250.0
2927,251,650.0
2928,142,250.0
2929,143,450.0
2930,91,200.0
2931,79,250.0
2932,167,350.0
2933,71,200.0
2934,155,350.0
2935,226,550.0
2936,91,250.0
2937,91,250.0
2938,78,300.0
2939,90,250.0
2940,70,250.0
2941,119,250.0
2942,246,600.0
2943,69,150.0
2944,235,650.0
2945,124,300.0
2946,69,250.0
2947,172,550.0
2948,69,250.0
2949,63,200.0
2950,147,350.0
2951,327,700.0
2952,66,200.0
2953,84,200.0
2954,149,250.0
2955,138,350.0
2956,104,200.0
2957,214,500.0
2958,142,300.0
2959,156,400.0
2960,164,400.0
2961,192,650.0
2962,71,300.0
2963,206,500.0
2964,231,550.0
2965,165,400.0
2966,81,200.0
2967,77,250.0
2968,65,350.0
2969,71,200.0
2970,72,350.0
2971,78,250.0
2972,68,150.0
2973,224,650.0
2974,69,200.0
2975,86,250.0
2976,129,300.0
2977,131,300.0
2978,103,200.0
2979,90,300.0
2980,172,400.0
2981,75,150.0
2982,72,250.0
2983,230,550.0
2984,70,250.0
2985,83,200.0
2986,123,250.0
2987,125,250.0
2988,66,300.0
2989,88,250.0
2990,122,350.0
2991,175,500.0
2992,176,350.0
2993,151,350.0
2994,95,250.0
2995,172,600.0
2996,90,300.0
2997,76,250.0
2998,93,200.0
2999,69,200.0
