0,537,360.0
1,639,340.0
2,510,80.0
3,378,60.0
4,523,80.0
5,675,360.0
6,435,80.0
7,581,240.0
8,581,260.0
9,760,240.0
10,316,140.0
11,603,300.0
12,352,120.0
13,569,20.0
14,546,100.0
15,413,80.0
16,622,160.0
17,549,280.0
18,578,220.0
19,672,240.0
20,387,140.0
21,450,80.0
22,413,140.0
23,460,80.0
24,440,100.0
25,487,80.0
26,614,100.0
27,1055,380.0
28,486,300.0
29,521,80.0
30,431,80.0
31,600,260.0
32,455,80.0
33,596,180.0
34,675,240.0
35,363,80.0
36,461,160.0
37,493,80.0
38,432,180.0
39,636,240.0
40,465,80.0
41,449,80.0
42,506,100.0
43,432,80.0
44,346,60.0
45,450,40.0
46,552,100.0
47,346,160.0
48,414,100.0
49,581,260.0
50,447,100.0
51,712,200.0
52,470,80.0
53,470,160.0
54,579,160.0
55,1018,740.0
56,605,100.0
57,385,260.0
58,518,160.0
59,525,80.0
60,475,280.0
61,710,560.0
62,921,300.0
63,385,140.0
64,395,160.0
65,696,80.0
66,594,180.0
67,414,80.0
68,599,100.0
69,653,420.0
70,639,480.0
71,411,160.0
72,345,80.0
73,467,60.0
74,715,120.0
75,386,80.0
76,347,40.0
77,422,80.0
78,398,80.0
79,628,540.0
80,442,80.0
81,468,100.0
82,497,340.0
83,582,220.0
84,365,120.0
85,474,100.0
86,831,400.0
87,1044,560.0
88,445,260.0
89,850,400.0
90,533,300.0
91,843,260.0
92,517,80.0
93,605,80.0
94,554,160.0
95,536,240.0
96,454,80.0
97,504,180.0
98,695,20.0
99,617,180.0
100,638,180.0
101,436,180.0
102,635,400.0
103,770,100.0
104,803,400.0
105,395,60.0
106,507,60.0
107,429,220.0
108,646,260.0
109,675,140.0
110,377,140.0
111,341,80.0
112,938,600.0
113,456,80.0
114,346,80.0
115,364,100.0
116,562,100.0
117,478,260.0
118,435,200.0
119,545,120.0
120,479,260.0
121,387,260.0
122,497,20.0
123,633,260.0
124,454,180.0
125,499,80.0
126,399,160.0
127,430,120.0
128,586,300.0
129,557,220.0
130,523,180.0
131,508,80.0
132,450,80.0
133,753,380.0
134,770,320.0
135,419,200.0
136,357,160.0
137,761,240.0
138,548,360.0
139,430,200.0
140,477,360.0
141,804,420.0
142,518,400.0
143,404,160.0
144,550,200.0
145,383,60.0
146,438,40.0
147,616,320.0
148,497,180.0
149,377,80.0
150,729,280.0
151,376,160.0
152,873,680.0
153,576,240.0
154,383,80.0
155,413,80.0
156,357,80.0
157,663,300.0
158,646,380.0
159,474,200.0
160,708,440.0
161,806,400.0
162,501,80.0
163,559,80.0
164,628,360.0
165,750,240.0
166,428,140.0
167,627,60.0
168,434,80.0
169,697,0.0
170,1112,660.0
171,794,240.0
172,684,380.0
173,388,160.0
174,491,340.0
175,521,80.0
176,839,600.0
177,770,240.0
178,392,200.0
179,388,140.0
180,461,80.0
181,696,440.0
182,615,240.0
183,679,180.0
184,357,80.0
185,310,100.0
186,523,280.0
187,929,500.0
188,320,80.0
189,538,80.0
190,387,160.0
191,512,340.0
192,366,220.0
193,699,200.0
194,453,60.0
195,359,100.0
196,631,580.0
197,608,240.0
198,449,80.0
199,454,80.0
200,740,400.0
201,708,240.0
202,788,480.0
203,708,260.0
204,441,60.0
205,671,440.0
206,382,40.0
207,560,300.0
208,782,480.0
209,510,360.0
210,393,160.0
211,422,160.0
212,537,140.0
213,548,120.0
214,510,120.0
215,584,440.0
216,312,100.0
217,601,240.0
218,508,260.0
219,812,640.0
220,350,160.0
221,547,240.0
222,450,80.0
223,421,80.0
224,422,80.0
225,590,160.0
226,449,80.0
227,396,100.0
228,627,320.0
229,462,60.0
230,515,320.0
231,465,80.0
232,404,80.0
233,433,60.0
234,565,240.0
235,701,240.0
236,509,400.0
237,604,40.0
238,1217,460.0
239,337,120.0
240,605,160.0
241,418,80.0
242,625,340.0
243,555,360.0
244,436,80.0
245,590,240.0
246,554,340.0
247,351,180.0
248,485,160.0
249,601,280.0
250,493,80.0
251,522,180.0
252,566,240.0
253,669,440.0
254,413,200.0
255,572,380.0
256,381,60.0
257,712,360.0
258,504,160.0
259,449,220.0
260,315,80.0
261,465,80.0
262,453,80.0
263,596,160.0
264,549,340.0
265,396,220.0
266,644,420.0
267,775,460.0
268,480,160.0
269,714,440.0
270,408,340.0
271,608,260.0
272,376,20.0
273,497,80.0
274,368,100.0
275,400,160.0
276,450,80.0
277,413,280.0
278,834,240.0
279,549,320.0
280,420,140.0
281,742,440.0
282,377,100.0
283,653,200.0
284,540,360.0
285,440,80.0
286,390,160.0
287,583,400.0
288,341,80.0
289,429,140.0
290,683,600.0
291,453,80.0
292,478,220.0
293,391,120.0
294,489,80.0
295,450,80.0
296,501,220.0
297,594,260.0
298,469,400.0
299,525,200.0
300,683,420.0
301,329,160.0
302,533,240.0
303,438,180.0
304,616,260.0
305,342,80.0
306,440,420.0
307,566,340.0
308,466,60.0
309,615,500.0
310,475,220.0
311,487,360.0
312,449,80.0
313,230,80.0
314,498,320.0
315,358,60.0
316,433,80.0
317,486,100.0
318,726,380.0
319,450,80.0
320,749,600.0
321,657,340.0
322,414,40.0
323,495,200.0
324,634,340.0
325,449,240.0
326,552,420.0
327,660,440.0
328,571,160.0
329,328,20.0
330,623,80.0
331,434,160.0
332,503,160.0
333,450,80.0
334,430,140.0
335,351,300.0
336,424,40.0
337,544,160.0
338,492,80.0
339,360,80.0
340,509,360.0
341,417,260.0
342,486,200.0
343,536,280.0
344,455,80.0
345,748,260.0
346,504,180.0
347,504,160.0
348,419,100.0
349,711,560.0
350,575,200.0
351,456,180.0
352,319,100.0
353,764,480.0
354,338,180.0
355,468,160.0
356,717,440.0
357,430,120.0
358,573,260.0
359,840,500.0
360,482,320.0
361,635,260.0
362,733,440.0
363,626,400.0
364,648,220.0
365,446,200.0
366,708,320.0
367,378,100.0
368,760,480.0
369,400,160.0
370,797,440.0
371,845,620.0
372,620,180.0
373,394,100.0
374,692,500.0
375,1174,740.0
376,669,500.0
377,381,100.0
378,353,80.0
379,659,520.0
380,410,100.0
381,1406,820.0
382,370,100.0
383,1057,840.0
384,470,200.0
385,738,500.0
386,255,20.0
387,388,180.0
388,312,120.0
389,648,400.0
390,691,200.0
391,378,200.0
392,412,160.0
393,709,240.0
394,397,160.0
395,650,600.0
396,378,220.0
397,408,260.0
398,400,160.0
399,314,80.0
400,559,160.0
401,227,40.0
402,459,260.0
403,451,80.0
404,492,520.0
405,369,100.0
406,454,80.0
407,416,160.0
408,577,520.0
409,653,240.0
410,492,240.0
411,560,240.0
412,443,300.0
413,503,260.0
414,329,160.0
415,897,460.0
416,583,240.0
417,287,200.0
418,396,140.0
419,365,80.0
420,1013,780.0
421,486,240.0
422,391,80.0
423,497,180.0
424,343,80.0
425,405,260.0
426,616,520.0
427,359,160.0
428,439,280.0
429,564,340.0
430,917,620.0
431,339,80.0
432,654,360.0
433,771,640.0
434,451,280.0
435,269,80.0
436,347,100.0
437,579,260.0
438,395,80.0
439,326,80.0
440,584,260.0
441,307,100.0
442,586,240.0
443,432,100.0
444,550,340.0
445,372,100.0
446,457,140.0
447,514,280.0
448,427,140.0
449,403,360.0
450,341,100.0
451,372,80.0
452,706,440.0
453,672,460.0
454,366,160.0
455,418,340.0
456,425,180.0
457,356,120.0
458,380,140.0
459,671,340.0
460,474,240.0
461,380,140.0
462,778,660.0
463,696,320.0
464,665,600.0
465,751,160.0
466,695,40.0
467,932,420.0
468,527,160.0
469,874,360.0
470,759,480.0
471,727,640.0
472,692,200.0
473,593,240.0
474,713,420.0
475,634,220.0
476,608,260.0
477,561,280.0
478,344,80.0
479,396,80.0
480,482,80.0
481,419,160.0
482,1154,860.0
483,728,420.0
484,405,260.0
485,646,440.0
486,545,260.0
487,394,80.0
488,396,120.0
489,822,560.0
490,488,280.0
491,546,300.0
492,615,240.0
493,494,240.0
494,542,320.0
495,485,160.0
496,537,340.0
497,389,160.0
498,626,640.0
499,363,140.0
500,340,120.0
501,300,100.0
502,415,160.0
503,344,80.0
504,472,160.0
505,634,200.0
506,337,240.0
507,233,60.0
508,383,160.0
509,235,40.0
510,529,240.0
511,376,160.0
512,387,100.0
513,305,80.0
514,373,280.0
515,386,80.0
516,909,380.0
517,401,340.0
518,765,640.0
519,488,100.0
520,766,700.0
521,333,80.0
522,364,80.0
523,503,300.0
524,331,160.0
525,564,460.0
526,536,420.0
527,820,440.0
528,472,80.0
529,497,500.0
530,557,240.0
531,418,140.0
532,503,340.0
533,467,80.0
534,403,80.0
535,408,160.0
536,342,80.0
537,428,80.0
538,620,320.0
539,454,80.0
540,298,180.0
541,450,80.0
542,452,80.0
543,366,80.0
544,355,80.0
545,340,80.0
546,534,240.0
547,455,80.0
548,388,80.0
549,691,480.0
550,542,240.0
551,602,160.0
552,379,80.0
553,497,220.0
554,521,340.0
555,392,80.0
556,759,400.0
557,456,80.0
558,391,100.0
559,570,240.0
560,515,100.0
561,606,260.0
562,491,180.0
563,427,220.0
564,939,500.0
565,597,380.0
566,455,80.0
567,498,180.0
568,590,160.0
569,447,100.0
570,909,540.0
571,678,400.0
572,455,80.0
573,887,580.0
574,661,200.0
575,695,240.0
576,542,180.0
577,448,160.0
578,695,420.0
579,577,100.0
580,609,260.0
581,669,260.0
582,694,0.0
583,811,200.0
584,823,480.0
585,574,140.0
586,443,80.0
587,696,20.0
588,959,360.0
589,752,420.0
590,418,180.0
591,731,260.0
592,600,340.0
593,569,160.0
594,380,40.0
595,794,340.0
596,687,440.0
597,512,320.0
598,450,80.0
599,426,80.0
600,522,80.0
601,592,160.0
602,437,180.0
603,398,180.0
604,408,100.0
605,532,320.0
606,453,80.0
607,664,480.0
608,470,40.0
609,495,160.0
610,427,40.0
611,421,140.0
612,393,180.0
613,468,120.0
614,820,340.0
615,394,80.0
616,358,80.0
617,463,80.0
618,362,80.0
619,439,80.0
620,408,180.0
621,799,380.0
622,357,80.0
623,751,240.0
624,821,700.0
625,593,260.0
626,390,80.0
627,631,100.0
628,432,160.0
629,740,320.0
630,399,80.0
631,772,180.0
632,521,180.0
633,787,560.0
634,344,80.0
635,771,240.0
636,667,80.0
637,772,100.0
638,649,60.0
639,583,80.0
640,691,40.0
641,1296,900.0
642,692,20.0
643,698,0.0
644,695,0.0
645,753,180.0
646,840,260.0
647,712,160.0
648,859,340.0
649,655,20.0
650,701,0.0
651,603,180.0
652,696,80.0
653,701,20.0
654,905,400.0
655,794,280.0
656,599,240.0
657,814,300.0
658,436,160.0
659,1037,460.0
660,565,380.0
661,526,260.0
662,497,280.0
663,604,440.0
664,804,340.0
665,450,180.0
666,411,240.0
667,229,60.0
668,749,440.0
669,602,420.0
670,467,340.0
671,390,120.0
672,559,320.0
673,465,440.0
674,510,160.0
675,438,240.0
676,769,640.0
677,481,280.0
678,390,280.0
679,731,460.0
680,983,660.0
681,354,140.0
682,415,160.0
683,548,280.0
684,494,220.0
685,351,80.0
686,459,160.0
687,388,260.0
688,448,200.0
689,304,140.0
690,351,200.0
691,401,420.0
692,454,360.0
693,399,160.0
694,315,180.0
695,474,120.0
696,885,560.0
697,655,380.0
698,856,440.0
699,461,320.0
700,406,340.0
701,815,460.0
702,387,160.0
703,450,80.0
704,414,240.0
705,488,240.0
706,399,400.0
707,473,280.0
708,344,80.0
709,580,340.0
710,709,380.0
711,312,160.0
712,453,80.0
713,422,200.0
714,860,780.0
715,908,460.0
716,399,80.0
717,593,540.0
718,456,280.0
719,408,160.0
720,617,320.0
721,501,440.0
722,544,160.0
723,779,320.0
724,445,120.0
725,553,240.0
726,655,380.0
727,383,80.0
728,395,120.0
729,651,420.0
730,458,120.0
731,356,80.0
732,405,180.0
733,537,320.0
734,401,160.0
735,450,80.0
736,889,860.0
737,331,380.0
738,274,100.0
739,687,400.0
740,343,80.0
741,572,360.0
742,448,140.0
743,792,500.0
744,537,160.0
745,505,300.0
746,362,80.0
747,548,260.0
748,751,420.0
749,462,240.0
750,376,80.0
751,477,80.0
752,377,100.0
753,487,360.0
754,502,260.0
755,287,100.0
756,422,180.0
757,385,80.0
758,304,180.0
759,379,160.0
760,453,80.0
761,369,120.0
762,281,100.0
763,401,160.0
764,403,160.0
765,333,100.0
766,402,80.0
767,459,260.0
768,431,80.0
769,357,80.0
770,239,80.0
771,877,700.0
772,558,320.0
773,430,220.0
774,612,480.0
775,512,160.0
776,455,80.0
777,406,100.0
778,356,80.0
779,395,140.0
780,491,320.0
781,362,140.0
782,473,260.0
783,520,240.0
784,328,100.0
785,358,180.0
786,303,100.0
787,234,100.0
788,356,80.0
789,352,180.0
790,510,440.0
791,321,100.0
792,324,160.0
793,390,80.0
794,473,360.0
795,296,200.0
796,1272,820.0
797,447,160.0
798,544,420.0
799,500,80.0
800,531,320.0
801,808,780.0
802,618,240.0
803,572,460.0
804,345,100.0
805,613,320.0
806,234,80.0
807,488,300.0
808,231,60.0
809,500,180.0
810,364,80.0
811,1233,1020.0
812,542,300.0
813,413,160.0
814,370,160.0
815,327,160.0
816,357,160.0
817,797,300.0
818,477,300.0
819,468,320.0
820,595,400.0
821,427,160.0
822,490,300.0
823,548,340.0
824,965,680.0
825,234,40.0
826,620,340.0
827,539,340.0
828,340,80.0
829,380,160.0
830,644,420.0
831,379,80.0
832,373,100.0
833,320,100.0
834,475,340.0
835,330,80.0
836,319,100.0
837,691,420.0
838,343,80.0
839,400,220.0
840,720,520.0
841,498,340.0
842,362,80.0
843,615,240.0
844,779,920.0
845,513,320.0
846,442,360.0
847,257,80.0
848,568,360.0
849,340,160.0
850,423,300.0
851,361,60.0
852,425,200.0
853,376,180.0
854,646,320.0
855,423,100.0
856,789,640.0
857,404,120.0
858,611,240.0
859,463,200.0
860,345,100.0
861,362,80.0
862,373,260.0
863,390,180.0
864,347,100.0
865,454,40.0
866,379,140.0
867,503,120.0
868,668,480.0
869,346,80.0
870,452,80.0
871,663,260.0
872,757,400.0
873,454,80.0
874,667,300.0
875,694,540.0
876,525,160.0
877,391,80.0
878,378,120.0
879,419,80.0
880,454,200.0
881,452,80.0
882,590,160.0
883,321,100.0
884,448,160.0
885,397,80.0
886,544,180.0
887,491,80.0
888,1006,400.0
889,451,80.0
890,598,180.0
891,481,80.0
892,574,80.0
893,437,260.0
894,526,340.0
895,484,160.0
896,565,260.0
897,494,100.0
898,642,320.0
899,533,260.0
900,523,100.0
901,482,240.0
902,571,240.0
903,361,80.0
904,428,280.0
905,451,80.0
906,460,360.0
907,427,260.0
908,506,340.0
909,403,80.0
910,548,160.0
911,418,80.0
912,599,200.0
913,448,340.0
914,560,60.0
915,386,60.0
916,420,180.0
917,386,100.0
918,569,100.0
919,833,320.0
920,1071,260.0
921,637,140.0
922,583,160.0
923,899,220.0
924,525,80.0
925,680,260.0
926,534,80.0
927,342,80.0
928,489,80.0
929,572,80.0
930,385,80.0
931,593,280.0
932,520,80.0
933,513,80.0
934,671,220.0
935,669,120.0
936,667,120.0
937,563,80.0
938,595,40.0
939,526,20.0
940,674,20.0
941,696,0.0
942,420,160.0
943,673,380.0
944,385,80.0
945,699,0.0
946,355,80.0
947,674,20.0
948,695,20.0
949,696,0.0
950,696,0.0
951,693,20.0
952,702,0.0
953,700,0.0
954,697,0.0
955,673,20.0
956,695,0.0
957,699,0.0
958,694,0.0
959,701,0.0
960,701,0.0
961,696,0.0
962,653,40.0
963,648,100.0
964,418,20.0
965,380,80.0
966,488,80.0
967,544,100.0
968,423,80.0
969,486,100.0
970,391,80.0
971,393,100.0
972,403,80.0
973,411,140.0
974,510,180.0
975,383,80.0
976,533,200.0
977,393,80.0
978,373,80.0
979,412,140.0
980,353,80.0
981,688,380.0
982,588,240.0
983,291,100.0
984,386,80.0
985,448,80.0
986,506,260.0
987,555,200.0
988,317,80.0
989,343,80.0
990,448,80.0
991,444,400.0
992,676,20.0
993,495,60.0
994,430,120.0
995,666,260.0
996,803,400.0
997,530,240.0
998,361,80.0
999,742,200.0
1000,383,120.0
1001,591,180.0
1002,546,260.0
1003,445,160.0
1004,506,480.0
1005,455,120.0
1006,299,80.0
1007,708,420.0
1008,645,380.0
1009,456,220.0
1010,385,80.0
1011,240,20.0
1012,406,80.0
1013,391,180.0
1014,339,80.0
1015,613,480.0
1016,350,80.0
1017,631,560.0
1018,628,320.0
1019,307,80.0
1020,518,300.0
1021,478,180.0
1022,421,100.0
1023,642,320.0
1024,450,280.0
1025,686,300.0
1026,345,80.0
1027,908,520.0
1028,575,240.0
1029,304,200.0
1030,315,100.0
1031,511,340.0
1032,610,620.0
1033,376,160.0
1034,410,160.0
1035,789,460.0
1036,494,240.0
1037,389,160.0
1038,689,560.0
1039,658,320.0
1040,518,220.0
1041,892,440.0
1042,402,320.0
1043,561,420.0
1044,661,260.0
1045,520,340.0
1046,594,380.0
1047,519,280.0
1048,730,500.0
1049,452,380.0
1050,561,360.0
1051,458,280.0
1052,363,120.0
1053,702,240.0
1054,568,420.0
1055,658,340.0
1056,854,420.0
1057,656,320.0
1058,637,320.0
1059,629,440.0
1060,627,360.0
1061,832,420.0
1062,753,320.0
1063,666,420.0
1064,607,440.0
1065,805,600.0
1066,745,180.0
1067,633,80.0
1068,610,80.0
1069,601,340.0
1070,1107,660.0
1071,594,80.0
1072,793,680.0
1073,819,500.0
1074,295,80.0
1075,427,160.0
1076,517,380.0
1077,306,80.0
1078,275,80.0
1079,489,240.0
1080,451,160.0
1081,314,160.0
1082,497,340.0
1083,447,340.0
1084,778,220.0
1085,798,680.0
1086,377,160.0
1087,410,340.0
1088,576,400.0
1089,356,80.0
1090,523,240.0
1091,1189,1360.0
1092,396,80.0
1093,491,220.0
1094,386,240.0
1095,462,300.0
1096,578,180.0
1097,454,100.0
1098,450,220.0
1099,492,260.0
1100,382,140.0
1101,701,520.0
1102,1059,1020.0
1103,524,280.0
1104,462,80.0
1105,455,80.0
1106,375,100.0
1107,407,100.0
1108,449,80.0
1109,428,260.0
1110,373,80.0
1111,454,80.0
1112,450,80.0
1113,543,160.0
1114,450,80.0
1115,572,480.0
1116,341,80.0
1117,592,240.0
1118,527,360.0
1119,729,580.0
1120,451,120.0
1121,451,80.0
1122,746,400.0
1123,342,80.0
1124,687,400.0
1125,484,160.0
1126,450,260.0
1127,473,80.0
1128,646,240.0
1129,335,160.0
1130,424,180.0
1131,407,160.0
1132,359,80.0
1133,376,80.0
1134,673,200.0
1135,493,240.0
1136,225,80.0
1137,597,260.0
1138,621,540.0
1139,698,260.0
1140,766,320.0
1141,530,60.0
1142,433,80.0
1143,587,160.0
1144,604,140.0
1145,419,160.0
1146,619,80.0
1147,962,740.0
1148,501,160.0
1149,481,80.0
1150,447,240.0
1151,320,100.0
1152,411,80.0
1153,463,140.0
1154,391,80.0
1155,364,80.0
1156,358,80.0
1157,455,80.0
1158,425,160.0
1159,353,80.0
1160,379,80.0
1161,618,180.0
1162,453,80.0
1163,435,180.0
1164,435,220.0
1165,401,260.0
1166,563,100.0
1167,564,240.0
1168,385,80.0
1169,547,260.0
1170,376,80.0
1171,475,160.0
1172,345,80.0
1173,513,240.0
1174,386,80.0
1175,450,80.0
1176,467,240.0
1177,340,80.0
1178,427,160.0
1179,454,80.0
1180,569,240.0
1181,619,580.0
1182,665,400.0
1183,674,340.0
1184,382,80.0
1185,356,80.0
1186,286,100.0
1187,506,340.0
1188,344,200.0
1189,629,480.0
1190,467,260.0
1191,592,500.0
1192,364,180.0
1193,552,160.0
1194,336,100.0
1195,553,160.0
1196,352,100.0
1197,514,420.0
1198,840,920.0
1199,593,320.0
1200,375,180.0
1201,401,240.0
1202,638,420.0
1203,446,340.0
1204,519,240.0
1205,539,160.0
1206,427,160.0
1207,479,240.0
1208,685,320.0
1209,448,220.0
1210,714,420.0
1211,393,180.0
1212,477,380.0
1213,457,420.0
1214,938,580.0
1215,801,240.0
1216,289,80.0
1217,691,460.0
1218,524,160.0
1219,1120,620.0
1220,850,560.0
1221,421,320.0
1222,372,340.0
1223,389,160.0
1224,541,340.0
1225,461,360.0
1226,286,100.0
1227,582,360.0
1228,844,940.0
1229,660,520.0
1230,555,380.0
1231,580,580.0
1232,767,620.0
1233,717,180.0
1234,655,420.0
1235,793,620.0
1236,556,420.0
1237,430,360.0
1238,332,200.0
1239,712,340.0
1240,371,160.0
1241,312,80.0
1242,493,360.0
1243,432,240.0
1244,238,80.0
1245,393,160.0
1246,465,240.0
1247,711,520.0
1248,367,240.0
1249,558,320.0
1250,520,320.0
1251,737,520.0
1252,447,260.0
1253,511,160.0
1254,423,100.0
1255,550,420.0
1256,455,160.0
1257,283,220.0
1258,257,80.0
1259,383,120.0
1260,664,480.0
1261,439,280.0
1262,385,100.0
1263,860,520.0
1264,522,360.0
1265,365,80.0
1266,613,600.0
1267,314,360.0
1268,695,520.0
1269,796,460.0
1270,438,400.0
1271,987,700.0
1272,375,400.0
1273,442,140.0
1274,503,180.0
1275,407,260.0
1276,524,160.0
1277,684,520.0
1278,397,80.0
1279,461,360.0
1280,419,180.0
1281,490,240.0
1282,399,420.0
1283,410,240.0
1284,797,540.0
1285,370,160.0
1286,650,660.0
1287,524,420.0
1288,536,240.0
1289,1127,860.0
1290,852,780.0
1291,447,160.0
1292,480,260.0
1293,662,520.0
1294,655,460.0
1295,489,240.0
1296,783,500.0
1297,417,200.0
1298,364,180.0
1299,420,160.0
1300,293,220.0
1301,755,500.0
1302,570,420.0
1303,942,1060.0
1304,402,160.0
1305,548,340.0
1306,591,340.0
1307,488,380.0
1308,307,100.0
1309,387,140.0
1310,797,580.0
1311,794,560.0
1312,630,160.0
1313,971,660.0
1314,574,400.0
1315,715,420.0
1316,477,500.0
1317,436,320.0
1318,765,800.0
1319,553,240.0
1320,508,160.0
1321,654,240.0
1322,614,480.0
1323,389,160.0
1324,311,160.0
1325,324,160.0
1326,556,340.0
1327,666,600.0
1328,549,520.0
1329,668,440.0
1330,532,360.0
1331,343,160.0
1332,680,440.0
1333,391,240.0
1334,540,400.0
1335,585,220.0
1336,480,160.0
1337,758,420.0
1338,283,80.0
1339,405,80.0
1340,479,160.0
1341,566,620.0
1342,342,80.0
1343,225,40.0
1344,347,80.0
1345,344,80.0
1346,400,160.0
1347,368,220.0
1348,718,360.0
1349,338,100.0
1350,345,80.0
1351,405,260.0
1352,674,500.0
1353,439,360.0
1354,423,220.0
1355,380,260.0
1356,352,100.0
1357,348,80.0
1358,347,100.0
1359,313,80.0
1360,748,340.0
1361,375,220.0
1362,366,80.0
1363,1120,480.0
1364,1039,960.0
1365,625,500.0
1366,596,280.0
1367,642,160.0
1368,549,160.0
1369,461,380.0
1370,518,220.0
1371,433,160.0
1372,342,80.0
1373,350,80.0
1374,570,280.0
1375,389,120.0
1376,556,220.0
1377,493,200.0
1378,650,220.0
1379,542,400.0
1380,955,540.0
1381,651,680.0
1382,552,360.0
1383,556,540.0
1384,647,520.0
1385,794,740.0
1386,416,260.0
1387,311,140.0
1388,481,340.0
1389,551,340.0
1390,874,840.0
1391,420,160.0
1392,424,160.0
1393,423,80.0
1394,549,240.0
1395,402,80.0
1396,393,160.0
1397,318,100.0
1398,1087,740.0
1399,567,240.0
1400,373,160.0
1401,344,80.0
1402,608,240.0
1403,541,460.0
1404,369,80.0
1405,660,600.0
1406,423,240.0
1407,318,100.0
1408,604,320.0
1409,453,80.0
1410,414,80.0
1411,322,80.0
1412,451,160.0
1413,353,80.0
1414,346,80.0
1415,377,80.0
1416,341,80.0
1417,377,100.0
1418,383,120.0
1419,703,620.0
1420,608,380.0
1421,519,260.0
1422,349,80.0
1423,341,80.0
1424,585,320.0
1425,550,440.0
1426,454,80.0
1427,455,320.0
1428,424,160.0
1429,318,60.0
1430,389,100.0
1431,557,360.0
1432,468,160.0
1433,599,320.0
1434,396,100.0
1435,517,340.0
1436,427,280.0
1437,727,540.0
1438,437,280.0
1439,516,480.0
1440,401,80.0
1441,407,200.0
1442,504,260.0
1443,340,80.0
1444,555,340.0
1445,561,520.0
1446,321,100.0
1447,436,260.0
1448,265,80.0
1449,393,300.0
1450,497,340.0
1451,450,80.0
1452,542,500.0
1453,552,240.0
1454,518,240.0
1455,699,720.0
1456,439,120.0
1457,450,80.0
1458,530,340.0
1459,376,120.0
1460,515,160.0
1461,409,80.0
1462,453,80.0
1463,612,220.0
1464,1196,960.0
1465,861,680.0
1466,1434,940.0
1467,534,160.0
1468,435,280.0
1469,604,240.0
1470,519,160.0
1471,861,680.0
1472,453,80.0
1473,582,340.0
1474,506,260.0
1475,698,460.0
1476,473,280.0
1477,497,280.0
1478,577,420.0
1479,491,160.0
1480,340,80.0
1481,713,440.0
1482,407,160.0
1483,522,420.0
1484,612,740.0
1485,382,160.0
1486,345,80.0
1487,858,820.0
1488,451,200.0
1489,750,360.0
1490,896,960.0
1491,550,320.0
1492,341,80.0
1493,465,280.0
1494,696,500.0
1495,504,340.0
1496,474,240.0
1497,707,300.0
1498,404,160.0
1499,577,340.0
1500,389,80.0
1501,456,240.0
1502,734,520.0
1503,489,320.0
1504,516,240.0
1505,449,80.0
1506,914,580.0
1507,542,240.0
1508,405,220.0
1509,364,80.0
1510,605,240.0
1511,472,300.0
1512,377,200.0
1513,979,880.0
1514,487,240.0
1515,464,340.0
1516,455,240.0
1517,520,260.0
1518,1288,1000.0
1519,495,420.0
1520,1162,1040.0
1521,679,500.0
1522,344,80.0
1523,473,300.0
1524,223,60.0
1525,283,80.0
1526,766,400.0
1527,318,160.0
1528,494,280.0
1529,458,280.0
1530,742,800.0
1531,504,360.0
1532,471,260.0
1533,348,80.0
1534,348,200.0
1535,526,200.0
1536,687,500.0
1537,879,680.0
1538,779,480.0
1539,344,80.0
1540,419,240.0
1541,451,80.0
1542,959,580.0
1543,497,260.0
1544,732,860.0
1545,630,320.0
1546,440,160.0
1547,484,160.0
1548,475,260.0
1549,402,140.0
1550,594,440.0
1551,392,280.0
1552,375,160.0
1553,365,100.0
1554,489,160.0
1555,554,540.0
1556,386,160.0
1557,410,80.0
1558,452,80.0
1559,453,80.0
1560,1123,840.0
1561,542,420.0
1562,429,200.0
1563,406,320.0
1564,381,80.0
1565,308,100.0
1566,677,240.0
1567,419,180.0
1568,379,140.0
1569,321,100.0
1570,481,240.0
1571,390,180.0
1572,543,240.0
1573,672,780.0
1574,820,580.0
1575,346,80.0
1576,762,560.0
1577,380,120.0
1578,553,380.0
1579,645,320.0
1580,852,460.0
1581,765,320.0
1582,390,100.0
1583,524,160.0
1584,1079,740.0
1585,526,260.0
1586,491,240.0
1587,529,160.0
1588,304,80.0
1589,406,180.0
1590,702,440.0
1591,355,80.0
1592,420,160.0
1593,580,240.0
1594,509,260.0
1595,475,260.0
1596,402,160.0
1597,457,440.0
1598,768,540.0
1599,385,240.0
1600,556,220.0
1601,829,680.0
1602,1098,1120.0
1603,673,540.0
1604,274,220.0
1605,415,240.0
1606,648,340.0
1607,230,40.0
1608,310,80.0
1609,416,320.0
1610,383,280.0
1611,358,160.0
1612,395,80.0
1613,512,240.0
1614,315,140.0
1615,499,320.0
1616,347,180.0
1617,303,80.0
1618,678,520.0
1619,435,340.0
1620,526,500.0
1621,578,240.0
1622,381,160.0
1623,356,40.0
1624,629,320.0
1625,426,160.0
1626,455,240.0
1627,576,400.0
1628,354,100.0
1629,282,100.0
1630,538,460.0
1631,405,160.0
1632,445,180.0
1633,682,500.0
1634,615,520.0
1635,649,500.0
1636,438,260.0
1637,443,160.0
1638,235,80.0
1639,388,160.0
1640,516,460.0
1641,387,160.0
1642,483,360.0
1643,410,160.0
1644,505,420.0
1645,412,80.0
1646,348,80.0
1647,331,100.0
1648,581,360.0
1649,890,840.0
1650,470,280.0
1651,580,260.0
1652,666,400.0
1653,741,620.0
1654,374,80.0
1655,569,600.0
1656,371,260.0
1657,400,340.0
1658,469,560.0
1659,798,1060.0
1660,592,560.0
1661,803,940.0
1662,357,80.0
1663,504,320.0
1664,487,420.0
1665,579,460.0
1666,466,240.0
1667,530,240.0
1668,283,100.0
1669,732,600.0
1670,626,440.0
1671,359,160.0
1672,305,120.0
1673,542,260.0
1674,376,240.0
1675,239,80.0
1676,670,620.0
1677,782,540.0
1678,331,180.0
1679,661,540.0
1680,363,140.0
1681,610,420.0
1682,511,360.0
1683,423,200.0
1684,641,460.0
1685,290,160.0
1686,358,160.0
1687,342,80.0
1688,907,960.0
1689,530,440.0
1690,379,280.0
1691,637,420.0
1692,506,520.0
1693,830,600.0
1694,238,60.0
1695,476,160.0
1696,681,420.0
1697,304,100.0
1698,509,400.0
1699,464,340.0
1700,370,220.0
1701,540,340.0
1702,646,420.0
1703,426,400.0
1704,293,100.0
1705,331,100.0
1706,453,160.0
1707,515,160.0
1708,417,160.0
1709,542,360.0
1710,726,460.0
1711,383,140.0
1712,615,340.0
1713,338,80.0
1714,550,140.0
1715,379,80.0
1716,513,180.0
1717,375,260.0
1718,355,120.0
1719,417,240.0
1720,353,140.0
1721,268,100.0
1722,535,300.0
1723,619,360.0
1724,374,80.0
1725,303,100.0
1726,353,100.0
1727,653,440.0
1728,372,100.0
1729,229,80.0
1730,556,380.0
1731,366,160.0
1732,319,100.0
1733,416,320.0
1734,237,80.0
1735,408,260.0
1736,1049,1140.0
1737,472,380.0
1738,258,80.0
1739,475,280.0
1740,385,100.0
1741,235,40.0
1742,377,180.0
1743,304,80.0
1744,252,80.0
1745,361,180.0
1746,1070,940.0
1747,495,160.0
1748,403,260.0
1749,370,160.0
1750,424,120.0
1751,768,340.0
1752,455,260.0
1753,359,80.0
1754,556,260.0
1755,288,80.0
1756,772,520.0
1757,476,280.0
1758,563,420.0
1759,373,220.0
1760,305,100.0
1761,263,80.0
1762,469,240.0
1763,401,380.0
1764,410,160.0
1765,424,200.0
1766,347,80.0
1767,536,260.0
1768,386,160.0
1769,631,340.0
1770,238,80.0
1771,234,60.0
1772,679,640.0
1773,621,440.0
1774,675,500.0
1775,683,500.0
1776,344,100.0
1777,323,80.0
1778,310,100.0
1779,362,120.0
1780,390,180.0
1781,950,760.0
1782,533,340.0
1783,471,240.0
1784,444,380.0
1785,371,160.0
1786,276,100.0
1787,505,380.0
1788,326,80.0
1789,629,480.0
1790,511,240.0
1791,630,320.0
1792,345,260.0
1793,756,300.0
1794,480,260.0
1795,544,460.0
1796,442,400.0
1797,576,460.0
1798,254,80.0
1799,515,540.0
1800,561,440.0
1801,254,80.0
1802,473,260.0
1803,709,720.0
1804,533,440.0
1805,666,320.0
1806,395,340.0
1807,297,100.0
1808,379,180.0
1809,228,60.0
1810,932,680.0
1811,723,600.0
1812,225,80.0
1813,415,280.0
1814,233,40.0
1815,576,220.0
1816,379,420.0
1817,332,200.0
1818,439,240.0
1819,592,260.0
1820,587,240.0
1821,375,100.0
1822,518,340.0
1823,534,360.0
1824,419,180.0
1825,414,140.0
1826,494,240.0
1827,539,460.0
1828,502,400.0
1829,409,220.0
1830,634,560.0
1831,555,260.0
1832,581,440.0
1833,454,80.0
1834,418,300.0
1835,368,100.0
1836,554,280.0
1837,579,680.0
1838,233,60.0
1839,467,540.0
1840,575,500.0
1841,1215,1140.0
1842,343,260.0
1843,462,80.0
1844,507,280.0
1845,226,80.0
1846,347,100.0
1847,795,500.0
1848,352,180.0
1849,237,100.0
1850,506,360.0
1851,484,240.0
1852,344,80.0
1853,463,160.0
1854,294,200.0
1855,359,220.0
1856,947,660.0
1857,385,160.0
1858,407,340.0
1859,499,260.0
1860,422,340.0
1861,646,420.0
1862,399,240.0
1863,1006,740.0
1864,353,120.0
1865,451,120.0
1866,386,140.0
1867,744,520.0
1868,361,80.0
1869,492,120.0
1870,364,160.0
1871,391,140.0
1872,1096,1260.0
1873,890,680.0
1874,552,180.0
1875,646,420.0
1876,368,80.0
1877,446,240.0
1878,483,180.0
1879,661,360.0
1880,399,160.0
1881,455,180.0
1882,412,280.0
1883,602,320.0
1884,521,240.0
1885,392,180.0
1886,458,100.0
1887,377,80.0
1888,746,420.0
1889,418,200.0
1890,239,60.0
1891,571,380.0
1892,283,100.0
1893,1195,1220.0
1894,288,160.0
1895,408,180.0
1896,429,160.0
1897,480,260.0
1898,391,80.0
1899,423,240.0
1900,370,100.0
1901,238,40.0
1902,408,200.0
1903,469,100.0
1904,406,260.0
1905,257,100.0
1906,351,80.0
1907,368,240.0
1908,346,80.0
1909,324,100.0
1910,355,160.0
1911,543,360.0
1912,260,100.0
1913,498,240.0
1914,356,80.0
1915,572,260.0
1916,314,200.0
1917,338,80.0
1918,441,180.0
1919,456,360.0
1920,705,520.0
1921,370,160.0
1922,386,80.0
1923,360,360.0
1924,617,720.0
1925,351,180.0
1926,873,400.0
1927,317,160.0
1928,363,180.0
1929,541,540.0
1930,314,100.0
1931,366,160.0
1932,274,180.0
1933,762,620.0
1934,627,620.0
1935,434,160.0
1936,1685,1800.0
1937,788,440.0
1938,384,120.0
1939,727,800.0
1940,234,80.0
1941,357,80.0
1942,239,60.0
1943,426,260.0
1944,464,80.0
1945,516,180.0
1946,393,220.0
1947,296,180.0
1948,717,560.0
1949,333,200.0
1950,591,240.0
1951,357,80.0
1952,380,160.0
1953,558,240.0
1954,373,180.0
1955,445,100.0
1956,534,420.0
1957,467,260.0
1958,576,240.0
1959,442,260.0
1960,408,200.0
1961,623,520.0
1962,266,80.0
1963,391,80.0
1964,625,600.0
1965,416,360.0
1966,357,80.0
1967,373,80.0
1968,371,160.0
1969,407,100.0
1970,235,80.0
1971,353,80.0
1972,647,540.0
1973,403,160.0
1974,283,80.0
1975,236,80.0
1976,395,300.0
1977,989,860.0
1978,337,140.0
1979,612,360.0
1980,350,100.0
1981,522,320.0
1982,327,220.0
1983,717,280.0
1984,453,80.0
1985,341,160.0
1986,1124,1040.0
1987,462,180.0
1988,622,540.0
1989,762,340.0
1990,760,420.0
1991,394,80.0
1992,510,260.0
1993,573,440.0
1994,502,340.0
1995,290,260.0
1996,615,420.0
1997,740,320.0
1998,874,620.0
1999,549,400.0
2000,384,300.0
2001,1296,1480.0
2002,590,340.0
2003,509,240.0
2004,321,80.0
2005,424,160.0
2006,361,80.0
2007,388,200.0
2008,758,660.0
2009,649,540.0
2010,282,100.0
2011,365,120.0
2012,501,260.0
2013,561,340.0
2014,362,180.0
2015,396,240.0
2016,393,140.0
2017,439,200.0
2018,415,260.0
2019,416,260.0
2020,375,280.0
2021,552,160.0
2022,380,100.0
2023,365,100.0
2024,226,80.0
2025,389,280.0
2026,407,160.0
2027,349,100.0
2028,936,1000.0
2029,367,160.0
2030,500,360.0
2031,233,100.0
2032,1134,700.0
2033,378,100.0
2034,342,80.0
2035,585,380.0
2036,988,600.0
2037,660,520.0
2038,916,300.0
2039,466,160.0
2040,446,100.0
2041,388,120.0
2042,229,60.0
2043,502,340.0
2044,438,360.0
2045,361,80.0
2046,235,40.0
2047,318,100.0
2048,233,40.0
2049,407,280.0
2050,574,320.0
2051,797,580.0
2052,240,40.0
2053,561,440.0
2054,444,260.0
2055,792,580.0
2056,417,100.0
2057,429,160.0
2058,517,380.0
2059,581,280.0
2060,240,40.0
2061,498,160.0
2062,634,340.0
2063,695,460.0
2064,431,260.0
2065,427,160.0
2066,435,240.0
2067,318,80.0
2068,523,340.0
2069,486,440.0
2070,542,280.0
2071,313,120.0
2072,612,660.0
2073,778,380.0
2074,452,300.0
2075,364,100.0
2076,401,200.0
2077,534,420.0
2078,361,200.0
2079,532,380.0
2080,295,100.0
2081,374,180.0
2082,395,440.0
2083,351,160.0
2084,567,320.0
2085,830,640.0
2086,725,600.0
2087,458,220.0
2088,316,140.0
2089,344,80.0
2090,432,120.0
2091,366,200.0
2092,365,80.0
2093,410,80.0
2094,520,180.0
2095,400,260.0
2096,385,160.0
2097,707,560.0
2098,500,460.0
2099,594,400.0
2100,609,460.0
2101,616,420.0
2102,442,220.0
2103,527,240.0
2104,904,520.0
2105,390,240.0
2106,479,320.0
2107,358,80.0
2108,412,80.0
2109,431,280.0
2110,605,420.0
2111,394,80.0
2112,640,540.0
2113,520,360.0
2114,359,80.0
2115,428,100.0
2116,484,360.0
2117,457,160.0
2118,888,840.0
2119,431,180.0
2120,525,360.0
2121,361,80.0
2122,449,220.0
2123,230,60.0
2124,538,360.0
2125,549,260.0
2126,348,100.0
2127,350,80.0
2128,322,100.0
2129,458,100.0
2130,546,240.0
2131,455,60.0
2132,356,80.0
2133,343,80.0
2134,685,600.0
2135,342,160.0
2136,303,20.0
2137,307,80.0
2138,512,120.0
2139,302,60.0
2140,525,160.0
2141,370,60.0
2142,494,340.0
2143,463,260.0
2144,280,100.0
2145,319,180.0
2146,617,340.0
2147,352,260.0
2148,692,480.0
2149,326,40.0
2150,389,100.0
2151,300,20.0
2152,695,480.0
2153,484,580.0
2154,488,200.0
2155,238,60.0
2156,538,340.0
2157,546,380.0
2158,507,220.0
2159,667,580.0
2160,502,380.0
2161,425,120.0
2162,300,40.0
2163,354,100.0
2164,527,460.0
2165,509,300.0
2166,779,740.0
2167,485,360.0
2168,369,160.0
2169,599,300.0
2170,562,280.0
2171,580,220.0
2172,490,60.0
2173,739,720.0
2174,443,100.0
2175,839,480.0
2176,732,640.0
2177,633,440.0
2178,422,240.0
2179,435,280.0
2180,358,80.0
2181,554,240.0
2182,613,500.0
2183,560,360.0
2184,479,460.0
2185,345,80.0
2186,392,180.0
2187,417,160.0
2188,890,800.0
2189,442,180.0
2190,864,560.0
2191,237,80.0
2192,483,240.0
2193,1020,840.0
2194,605,400.0
2195,240,80.0
2196,564,360.0
2197,433,160.0
2198,332,160.0
2199,577,480.0
2200,498,320.0
2201,534,260.0
2202,330,180.0
2203,390,100.0
2204,350,100.0
2205,509,340.0
2206,230,40.0
2207,350,80.0
2208,324,160.0
2209,372,160.0
2210,394,100.0
2211,234,100.0
2212,518,200.0
2213,529,240.0
2214,412,180.0
2215,365,180.0
2216,514,220.0
2217,688,500.0
2218,396,120.0
2219,307,80.0
2220,304,100.0
2221,330,140.0
2222,403,140.0
2223,617,260.0
2224,506,180.0
2225,686,200.0
2226,341,100.0
2227,385,160.0
2228,238,20.0
2229,227,80.0
2230,529,440.0
2231,467,260.0
2232,436,180.0
2233,373,160.0
2234,514,320.0
2235,408,180.0
2236,492,360.0
2237,384,140.0
2238,533,260.0
2239,607,180.0
2240,471,440.0
2241,419,100.0
2242,517,240.0
2243,668,500.0
2244,657,640.0
2245,547,360.0
2246,538,160.0
2247,648,440.0
2248,769,620.0
2249,569,380.0
2250,572,420.0
2251,407,160.0
2252,515,240.0
2253,455,80.0
2254,411,80.0
2255,721,240.0
2256,1034,780.0
2257,1083,920.0
2258,463,400.0
2259,707,300.0
2260,394,160.0
2261,661,360.0
2262,607,260.0
2263,473,280.0
2264,359,80.0
2265,499,240.0
2266,494,340.0
2267,233,80.0
2268,508,320.0
2269,345,20.0
2270,431,220.0
2271,426,160.0
2272,399,100.0
2273,395,100.0
2274,776,580.0
2275,619,440.0
2276,395,280.0
2277,237,80.0
2278,492,200.0
2279,540,240.0
2280,592,340.0
2281,434,280.0
2282,453,260.0
2283,511,300.0
2284,345,100.0
2285,388,300.0
2286,380,140.0
2287,1142,860.0
2288,369,160.0
2289,366,40.0
2290,622,320.0
2291,1006,580.0
2292,574,240.0
2293,446,80.0
2294,461,280.0
2295,597,340.0
2296,410,220.0
2297,646,560.0
2298,1075,760.0
2299,779,440.0
2300,424,80.0
2301,294,280.0
2302,536,300.0
2303,331,200.0
2304,495,340.0
2305,449,420.0
2306,432,280.0
2307,438,300.0
2308,346,200.0
2309,712,420.0
2310,615,320.0
2311,333,160.0
2312,393,180.0
2313,529,400.0
2314,687,480.0
2315,891,540.0
2316,306,60.0
2317,552,200.0
2318,346,80.0
2319,685,420.0
2320,224,20.0
2321,655,400.0
2322,730,560.0
2323,435,260.0
2324,1075,1080.0
2325,735,300.0
2326,414,160.0
2327,448,160.0
2328,409,160.0
2329,625,560.0
2330,532,240.0
2331,573,400.0
2332,384,140.0
2333,510,440.0
2334,736,620.0
2335,301,40.0
2336,408,100.0
2337,341,180.0
2338,445,240.0
2339,452,80.0
2340,699,380.0
2341,337,160.0
2342,639,180.0
2343,321,100.0
2344,407,180.0
2345,430,340.0
2346,387,60.0
2347,548,300.0
2348,382,180.0
2349,530,240.0
2350,696,320.0
2351,798,580.0
2352,1264,1000.0
2353,501,160.0
2354,301,40.0
2355,535,560.0
2356,446,260.0
2357,302,60.0
2358,405,140.0
2359,459,180.0
2360,744,520.0
2361,363,120.0
2362,306,40.0
2363,741,640.0
2364,379,80.0
2365,877,720.0
2366,597,140.0
2367,440,200.0
2368,573,400.0
2369,380,20.0
2370,420,140.0
2371,1091,820.0
2372,448,140.0
2373,560,260.0
2374,801,680.0
2375,1065,900.0
2376,687,540.0
2377,715,580.0
2378,280,20.0
2379,394,160.0
2380,437,300.0
2381,432,400.0
2382,763,640.0
2383,237,80.0
2384,538,500.0
2385,688,380.0
2386,537,260.0
2387,388,160.0
2388,344,40.0
2389,571,380.0
2390,614,360.0
2391,534,200.0
2392,556,420.0
2393,854,620.0
2394,226,80.0
2395,356,20.0
2396,931,520.0
2397,399,80.0
2398,605,160.0
2399,507,180.0
2400,451,400.0
2401,487,100.0
2402,607,540.0
2403,498,240.0
2404,513,160.0
2405,419,160.0
2406,387,220.0
2407,472,160.0
2408,800,740.0
2409,343,80.0
2410,860,800.0
2411,372,80.0
2412,544,200.0
2413,293,40.0
2414,935,820.0
2415,447,200.0
2416,625,320.0
2417,789,540.0
2418,624,240.0
2419,578,280.0
2420,452,180.0
2421,357,80.0
2422,470,200.0
2423,319,140.0
2424,775,660.0
2425,588,300.0
2426,371,200.0
2427,934,780.0
2428,229,80.0
2429,667,420.0
2430,467,380.0
2431,368,260.0
2432,278,40.0
2433,658,520.0
2434,567,260.0
2435,384,120.0
2436,557,360.0
2437,447,220.0
2438,732,460.0
2439,598,160.0
2440,606,260.0
2441,302,40.0
2442,332,200.0
2443,1103,780.0
2444,485,340.0
2445,993,840.0
2446,378,160.0
2447,439,80.0
2448,457,120.0
2449,364,140.0
2450,478,200.0
2451,544,380.0
2452,353,40.0
2453,515,140.0
2454,628,280.0
2455,500,160.0
2456,449,280.0
2457,366,280.0
2458,489,360.0
2459,371,260.0
2460,741,620.0
2461,372,80.0
2462,389,120.0
2463,953,300.0
2464,756,500.0
2465,746,180.0
2466,390,240.0
2467,536,380.0
2468,703,400.0
2469,331,180.0
2470,404,260.0
2471,401,320.0
2472,386,60.0
2473,447,360.0
2474,331,40.0
2475,816,460.0
2476,733,320.0
2477,410,160.0
2478,426,160.0
2479,534,480.0
2480,384,220.0
2481,356,80.0
2482,374,180.0
2483,307,180.0
2484,520,280.0
2485,307,20.0
2486,607,340.0
2487,359,320.0
2488,464,320.0
2489,336,340.0
2490,775,620.0
2491,450,260.0
2492,237,80.0
2493,323,160.0
2494,360,80.0
2495,367,240.0
2496,401,160.0
2497,391,320.0
2498,356,80.0
2499,315,180.0
2500,368,180.0
2501,304,160.0
2502,505,300.0
2503,293,160.0
2504,796,400.0
2505,441,220.0
2506,426,220.0
2507,349,160.0
2508,357,80.0
2509,352,80.0
2510,317,40.0
2511,559,360.0
2512,359,80.0
2513,303,80.0
2514,383,260.0
2515,787,600.0
2516,446,300.0
2517,307,120.0
2518,361,80.0
2519,324,80.0
2520,401,100.0
2521,357,80.0
2522,527,380.0
2523,367,160.0
2524,843,480.0
2525,252,80.0
2526,514,240.0
2527,565,400.0
2528,523,320.0
2529,742,620.0
2530,668,520.0
2531,324,220.0
2532,566,320.0
2533,505,220.0
2534,423,320.0
2535,530,380.0
2536,375,160.0
2537,416,160.0
2538,435,160.0
2539,579,240.0
2540,415,240.0
2541,692,520.0
2542,616,180.0
2543,439,240.0
2544,300,180.0
2545,369,160.0
2546,729,360.0
2547,481,320.0
2548,357,80.0
2549,324,100.0
2550,480,220.0
2551,252,80.0
2552,400,140.0
2553,484,300.0
2554,484,340.0
2555,301,20.0
2556,304,40.0
2557,393,140.0
2558,382,240.0
2559,460,120.0
2560,305,20.0
2561,1027,520.0
2562,416,140.0
2563,305,20.0
2564,304,40.0
2565,480,140.0
2566,399,120.0
2567,493,240.0
2568,244,80.0
2569,237,20.0
2570,550,340.0
2571,1191,760.0
2572,678,540.0
2573,797,460.0
2574,614,540.0
2575,499,440.0
2576,481,280.0
2577,481,340.0
2578,421,260.0
2579,237,80.0
2580,454,260.0
2581,269,80.0
2582,464,320.0
2583,237,80.0
2584,259,80.0
2585,374,80.0
2586,590,540.0
2587,302,160.0
2588,754,600.0
2589,472,180.0
2590,460,160.0
2591,255,80.0
2592,439,220.0
2593,633,360.0
2594,379,160.0
2595,273,80.0
2596,952,780.0
2597,589,460.0
2598,624,280.0
2599,398,80.0
2600,546,500.0
2601,312,100.0
2602,550,400.0
2603,574,500.0
2604,412,280.0
2605,431,240.0
2606,433,260.0
2607,659,360.0
2608,456,340.0
2609,685,460.0
2610,1351,740.0
2611,444,180.0
2612,563,400.0
2613,598,360.0
2614,267,100.0
2615,403,80.0
2616,407,160.0
2617,518,340.0
2618,430,60.0
2619,308,120.0
2620,405,40.0
2621,306,40.0
2622,515,280.0
2623,374,100.0
2624,428,80.0
2625,624,280.0
2626,488,160.0
2627,329,80.0
2628,604,280.0
2629,378,260.0
2630,474,100.0
2631,539,160.0
2632,350,100.0
2633,631,400.0
2634,393,220.0
2635,467,280.0
2636,501,520.0
2637,314,80.0
2638,400,100.0
2639,515,340.0
2640,460,240.0
2641,383,240.0
2642,511,340.0
2643,444,240.0
2644,546,280.0
2645,328,200.0
2646,450,180.0
2647,367,160.0
2648,416,160.0
2649,681,420.0
2650,303,80.0
2651,625,420.0
2652,1156,700.0
2653,881,820.0
2654,389,240.0
2655,760,540.0
2656,334,100.0
2657,425,260.0
2658,411,40.0
2659,917,600.0
2660,400,320.0
2661,586,220.0
2662,542,240.0
2663,574,440.0
2664,483,420.0
2665,689,620.0
2666,344,200.0
2667,359,160.0
2668,402,80.0
2669,1078,960.0
2670,435,260.0
2671,355,80.0
2672,420,320.0
2673,435,300.0
2674,331,160.0
2675,472,100.0
2676,361,80.0
2677,511,160.0
2678,447,180.0
2679,391,100.0
2680,542,320.0
2681,545,480.0
2682,341,180.0
2683,345,60.0
2684,550,320.0
2685,439,260.0
2686,400,160.0
2687,239,20.0
2688,812,580.0
2689,414,300.0
2690,889,860.0
2691,384,40.0
2692,419,160.0
2693,730,440.0
2694,442,160.0
2695,421,80.0
2696,1096,800.0
2697,880,600.0
2698,333,200.0
2699,331,140.0
2700,328,140.0
2701,408,160.0
2702,331,160.0
2703,483,240.0
2704,418,80.0
2705,466,60.0
2706,617,240.0
2707,376,100.0
2708,230,60.0
2709,420,160.0
2710,306,40.0
2711,541,360.0
2712,417,240.0
2713,592,420.0
2714,389,160.0
2715,563,480.0
2716,486,240.0
2717,357,120.0
2718,419,160.0
2719,563,420.0
2720,307,20.0
2721,797,1020.0
2722,381,80.0
2723,805,520.0
2724,493,380.0
2725,359,100.0
2726,427,200.0
2727,458,320.0
2728,508,380.0
2729,519,360.0
2730,514,560.0
2731,505,220.0
2732,414,160.0
2733,872,600.0
2734,694,560.0
2735,543,420.0
2736,352,260.0
2737,492,300.0
2738,609,360.0
2739,298,100.0
2740,692,540.0
2741,307,40.0
2742,540,480.0
2743,882,500.0
2744,307,80.0
2745,303,60.0
2746,527,180.0
2747,408,220.0
2748,421,180.0
2749,582,380.0
2750,426,300.0
2751,585,480.0
2752,762,640.0
2753,952,880.0
2754,536,440.0
2755,478,200.0
2756,623,340.0
2757,729,720.0
2758,746,520.0
2759,977,660.0
2760,658,260.0
2761,234,80.0
2762,514,260.0
2763,465,240.0
2764,416,100.0
2765,234,80.0
2766,414,100.0
2767,281,40.0
2768,561,180.0
2769,298,40.0
2770,388,60.0
2771,699,540.0
2772,508,200.0
2773,598,340.0
2774,707,840.0
2775,392,220.0
2776,366,180.0
2777,588,460.0
2778,350,180.0
2779,588,320.0
2780,393,240.0
2781,362,220.0
2782,418,160.0
2783,333,140.0
2784,391,220.0
2785,531,460.0
2786,756,580.0
2787,394,160.0
2788,308,100.0
2789,326,80.0
2790,301,80.0
2791,311,100.0
2792,310,100.0
2793,470,160.0
2794,374,200.0
2795,460,300.0
2796,876,640.0
2797,290,40.0
2798,414,200.0
2799,319,80.0
2800,683,340.0
2801,730,360.0
2802,706,540.0
2803,303,200.0
2804,286,40.0
2805,385,160.0
2806,410,80.0
2807,628,440.0
2808,380,120.0
2809,494,340.0
2810,843,560.0
2811,652,520.0
2812,291,40.0
2813,423,40.0
2814,724,400.0
2815,290,40.0
2816,385,260.0
2817,564,220.0
2818,304,40.0
2819,562,320.0
2820,606,260.0
2821,409,160.0
2822,857,680.0
2823,362,40.0
2824,721,600.0
2825,551,320.0
2826,425,40.0
2827,424,60.0
2828,476,180.0
2829,300,20.0
2830,501,220.0
2831,574,300.0
2832,1066,780.0
2833,396,20.0
2834,364,40.0
2835,303,20.0
2836,389,200.0
2837,1001,680.0
2838,284,40.0
2839,540,200.0
2840,301,40.0
2841,829,460.0
2842,552,80.0
2843,503,180.0
2844,704,360.0
2845,396,40.0
2846,1253,840.0
2847,320,20.0
2848,505,200.0
2849,597,160.0
2850,392,40.0
2851,441,220.0
2852,670,420.0
2853,715,420.0
2854,399,200.0
2855,512,260.0
2856,543,240.0
2857,372,200.0
2858,716,400.0
2859,753,460.0
2860,311,100.0
2861,487,360.0
2862,330,140.0
2863,1073,680.0
2864,312,160.0
2865,387,240.0
2866,576,300.0
2867,543,160.0
2868,307,40.0
2869,418,240.0
2870,315,160.0
2871,571,280.0
2872,541,440.0
2873,393,260.0
2874,378,340.0
2875,384,260.0
2876,718,400.0
2877,340,160.0
2878,536,380.0
2879,385,120.0
2880,351,260.0
2881,909,680.0
2882,626,480.0
2883,560,420.0
2884,394,280.0
2885,959,680.0
2886,520,260.0
2887,878,520.0
2888,829,620.0
2889,396,160.0
2890,511,220.0
2891,686,700.0
2892,420,220.0
2893,412,260.0
2894,564,500.0
2895,348,160.0
2896,569,200.0
2897,1133,740.0
2898,550,400.0
2899,355,140.0
2900,344,180.0
2901,481,280.0
2902,558,340.0
2903,411,140.0
2904,350,200.0
2905,313,200.0
2906,455,360.0
2907,389,80.0
2908,224,80.0
2909,604,300.0
2910,277,20.0
2911,1054,1040.0
2912,790,460.0
2913,307,80.0
2914,563,240.0
2915,400,280.0
2916,303,60.0
2917,586,480.0
2918,465,340.0
2919,704,640.0
2920,432,40.0
2921,723,680.0
2922,714,360.0
2923,306,80.0
2924,610,340.0
2925,407,40.0
2926,446,240.0
2927,416,180.0
2928,591,380.0
2929,422,300.0
2930,785,340.0
2931,608,500.0
2932,958,960.0
2933,460,260.0
2934,318,140.0
2935,346,260.0
2936,306,160.0
2937,314,80.0
2938,309,80.0
2939,396,160.0
2940,513,340.0
2941,478,400.0
2942,746,460.0
2943,347,160.0
2944,814,700.0
2945,489,260.0
2946,395,260.0
2947,874,420.0
2948,515,80.0
2949,588,520.0
2950,771,840.0
2951,439,80.0
2952,532,340.0
2953,644,600.0
2954,591,540.0
2955,842,660.0
2956,349,200.0
2957,791,900.0
2958,300,40.0
2959,305,20.0
2960,425,200.0
2961,545,380.0
2962,529,340.0
2963,510,160.0
2964,909,940.0
2965,372,280.0
2966,339,100.0
2967,609,280.0
2968,631,440.0
2969,643,660.0
2970,420,140.0
2971,420,180.0
2972,671,400.0
2973,415,140.0
2974,800,560.0
2975,487,220.0
2976,573,400.0
2977,522,220.0
2978,320,120.0
2979,439,320.0
2980,793,520.0
2981,841,580.0
2982,301,20.0
2983,612,100.0
2984,380,80.0
2985,555,220.0
2986,702,440.0
2987,647,400.0
2988,464,140.0
2989,408,240.0
2990,393,140.0
2991,528,300.0
2992,1056,720.0
2993,380,80.0
2994,759,400.0
2995,654,320.0
2996,866,420.0
2997,363,140.0
2998,326,80.0
2999,962,800.0
